N. Albo;Tipo;Società;Fondo;Comparto;Note;Categ. comparto;ISC a 2 anni;ISC a 5 anni;ISC a 10 anni;ISC a 35 anni
1;Fondo negoziale;;FONDO PENSIONE FONCHIM;CRESCITA;(2);AZN;0,82;0,44;0,27;0,14
1;Fondo negoziale;;FONDO PENSIONE FONCHIM;GARANTITO;(1);GAR;1,23;0,85;0,69;0,56
1;Fondo negoziale;;FONDO PENSIONE FONCHIM;STABILITÀ;(2);OBB;0,81;0,43;0,27;0,14
2;Fondo negoziale;;FONDO PENSIONE FONDENERGIA;BILANCIATO;(2);BIL;0,43;0,31;0,26;0,23
2;Fondo negoziale;;FONDO PENSIONE FONDENERGIA;DINAMICO;(2);AZN;0,46;0,34;0,30;0,26
2;Fondo negoziale;;FONDO PENSIONE FONDENERGIA;GARANTITO;(1);GAR;0,82;0,70;0,66;0,62
3;Fondo negoziale;;FONDO PENSIONE QUADRI E CAPI FIAT;CRESCITA;(2);BIL;0,91;0,50;0,33;0,19
3;Fondo negoziale;;FONDO PENSIONE QUADRI E CAPI FIAT;REDDITO;(2);OBB;0,89;0,48;0,31;0,17
3;Fondo negoziale;;FONDO PENSIONE QUADRI E CAPI FIAT;STABILITA';(1);GAR;1,39;0,99;0,82;0,68
61;Fondo negoziale;;FONDO PENSIONE COMETA;CRESCITA;;BIL;0,75;0,32;0,19;0,11
61;Fondo negoziale;;FONDO PENSIONE COMETA;MONETARIO PLUS;;OBB;0,70;0,27;0,14;0,06
61;Fondo negoziale;;FONDO PENSIONE COMETA;REDDITO;;BIL;0,73;0,30;0,17;0,09
61;Fondo negoziale;;FONDO PENSIONE COMETA;SICUREZZA 2020;(4);GAR;1,31;0,87;0,75;0,67
61;Fondo negoziale;;FONDO PENSIONE COMETA;TFR SILENTE;(3);GAR;1,39;0,96;0,83;0,76
77;Fondo negoziale;;FONDOSANITA';ESPANSIONE;(2);AZN;2,98;1,30;0,76;0,39
77;Fondo negoziale;;FONDOSANITA';PROGRESSIONE;(2);BIL;2,96;1,27;0,74;0,37
77;Fondo negoziale;;FONDOSANITA';SCUDO;(2);OBB;2,94;1,25;0,72;0,35
87;Fondo negoziale;;SOLIDARIETA' VENETO - FONDO PENSIONE;DINAMICO - Lavoratori autonomi;;AZN;1,46;0,74;0,49;0,30
87;Fondo negoziale;;SOLIDARIETA' VENETO - FONDO PENSIONE;DINAMICO - Lavoratori dipendenti;;AZN;0,95;0,51;0,37;0,27
87;Fondo negoziale;;SOLIDARIETA' VENETO - FONDO PENSIONE;PRUDENTE  - Lavoratori autonomi;(2);OBB;1,40;0,68;0,42;0,24
87;Fondo negoziale;;SOLIDARIETA' VENETO - FONDO PENSIONE;PRUDENTE  - Lavoratori dipendenti;(2);OBB;0,88;0,44;0,30;0,21
87;Fondo negoziale;;SOLIDARIETA' VENETO - FONDO PENSIONE;REDDITO  - Lavoratori dipendenti;(2);BIL;0,92;0,48;0,34;0,24
87;Fondo negoziale;;SOLIDARIETA' VENETO - FONDO PENSIONE;REDDITO - Lavoratori autonomi;(2);BIL;1,43;0,71;0,46;0,28
87;Fondo negoziale;;SOLIDARIETA' VENETO - FONDO PENSIONE;GARANTITO  - Lavoratori autonomi;(1);GAR;1,79;1,07;0,82;0,63
87;Fondo negoziale;;SOLIDARIETA' VENETO - FONDO PENSIONE;GARANTITO  - Lavoratori dipendenti;(1);GAR;1,28;0,84;0,70;0,60
88;Fondo negoziale;;FONDO PENSIONE PREVIAMBIENTE;BILANCIATO;(2);OBB;1,30;0,67;0,46;0,31
88;Fondo negoziale;;FONDO PENSIONE PREVIAMBIENTE;GARANTITO;(1);GAR;2,07;1,45;1,24;1,09
88;Fondo negoziale;;FONDO PENSIONE PREVIAMBIENTE;AZIONARIO;(2);AZN;1,50;0,87;0,66;0,52
89;Fondo negoziale;;FONDO PENSIONE ALIFOND;BILANCIATO;(2);BIL;0,87;0,53;0,38;0,25
89;Fondo negoziale;;FONDO PENSIONE ALIFOND;DINAMICO;(2);AZN;0,80;0,46;0,31;0,18
89;Fondo negoziale;;FONDO PENSIONE ALIFOND;GARANTITO;(1);GAR;1,23;0,90;0,74;0,62
93;Fondo negoziale;;FONDO PENSIONE LABORFONDS;LINEA BILANCIATA;;BIL;0,59;0,42;0,35;0,30
93;Fondo negoziale;;FONDO PENSIONE LABORFONDS;LINEA DINAMICA;;AZN;0,53;0,36;0,29;0,23
93;Fondo negoziale;;FONDO PENSIONE LABORFONDS;LINEA GARANTITA;(1);GAR;0,82;0,65;0,58;0,53
93;Fondo negoziale;;FONDO PENSIONE LABORFONDS;LINEA PRUDENTE - ETICA;;OBB;0,46;0,29;0,22;0,17
99;Fondo negoziale;;FONDO PENSIONE FOPEN;BILANCIATO AZIONARIO;(2);AZN;0,87;0,60;0,49;0,40
99;Fondo negoziale;;FONDO PENSIONE FOPEN;BILANCIATO OBBLIGAZIONARIO;(2);OBB;0,81;0,54;0,43;0,34
99;Fondo negoziale;;FONDO PENSIONE FOPEN;OBBLIGAZIONARIO GARANTITO;(1) (2);GAR;1,06;0,79;0,68;0,59
100;Fondo negoziale;;FONDO PENSIONE PEGASO;BILANCIATO;(2);BIL;0,98;0,64;0,51;0,40
100;Fondo negoziale;;FONDO PENSIONE PEGASO;DINAMICO;(2);BIL;0,97;0,64;0,50;0,39
100;Fondo negoziale;;FONDO PENSIONE PEGASO;GARANTITO;(1);GAR;1,23;0,90;0,76;0,65
103;Fondo negoziale;;FONDO PENSIONE TELEMACO;BILANCIATO (YELLOW);;BIL;0,94;0,61;0,47;0,36
103;Fondo negoziale;;FONDO PENSIONE TELEMACO;GARANTITO  (WHITE);(1);GAR;0,97;0,64;0,50;0,39
103;Fondo negoziale;;FONDO PENSIONE TELEMACO;PRUDENTE (GREEN);;OBB;0,86;0,52;0,39;0,28
106;Fondo negoziale;;FONDO PENSIONE ARCO;BILANCIATO DINAMICO;;BIL;1,26;0,58;0,37;0,22
106;Fondo negoziale;;FONDO PENSIONE ARCO;BILANCIATO PRUDENTE;;BIL;1,27;0,60;0,39;0,24
106;Fondo negoziale;;FONDO PENSIONE ARCO;GARANTITO;(1);GAR;1,31;0,64;0,43;0,29
107;Fondo negoziale;;FONDO PENSIONE FONCER;BILANCIATO;(2);BIL;1,35;0,78;0,56;0,39
107;Fondo negoziale;;FONDO PENSIONE FONCER;DINAMICO;;AZN;1,20;0,63;0,41;0,25
107;Fondo negoziale;;FONDO PENSIONE FONCER;GARANTITO;(1);GAR;1,72;1,15;0,93;0,77
116;Fondo negoziale;;FONDO PENSIONE FONDAPI;CRESCITA;;BIL;0,87;0,51;0,36;0,24
116;Fondo negoziale;;FONDO PENSIONE FONDAPI;GARANZIA;(1);GAR;1,32;0,95;0,80;0,68
116;Fondo negoziale;;FONDO PENSIONE FONDAPI;PRUDENTE;;OBB;0,86;0,50;0,34;0,22
117;Fondo negoziale;;FONDO PENSIONE PREVIMODA;GARANTITO;(1);GAR;1,45;1,08;0,94;0,82
117;Fondo negoziale;;FONDO PENSIONE PREVIMODA;RUBINO AZIONARIO;;AZN;0,95;0,59;0,44;0,32
117;Fondo negoziale;;FONDO PENSIONE PREVIMODA;SMERALDO BILANCIATO;;BIL;0,92;0,56;0,41;0,29
122;Fondo negoziale;;FONDO PENSIONE CONCRETO;BILANCIATO;;OBB;1,04;0,62;0,43;0,27
122;Fondo negoziale;;FONDO PENSIONE CONCRETO;GARANTITO;(1);GAR;1,23;0,81;0,62;0,46
123;Fondo negoziale;;FONDO PENSIONE FON.TE.;CONSERVATIVO;(1);GAR;1,86;1,20;1,00;0,86
123;Fondo negoziale;;FONDO PENSIONE FON.TE.;CRESCITA;;BIL;1,17;0,50;0,30;0,16
123;Fondo negoziale;;FONDO PENSIONE FON.TE.;DINAMICO;;AZN;1,17;0,50;0,30;0,16
123;Fondo negoziale;;FONDO PENSIONE FON.TE.;SVILUPPO;;OBB;1,16;0,49;0,29;0,15
124;Fondo negoziale;;FONDO PENSIONE BYBLOS;BILANCIATO;;BIL;1,28;0,69;0,50;0,37
124;Fondo negoziale;;FONDO PENSIONE BYBLOS;DINAMICO;;AZN;1,15;0,57;0,38;0,24
124;Fondo negoziale;;FONDO PENSIONE BYBLOS;GARANTITO;(1);GAR;1,73;1,15;0,96;0,82
125;Fondo negoziale;;FONDO PENSIONE FONDO GOMMA PLASTICA;BILANCIATO;;BIL;1,18;0,62;0,43;0,30
125;Fondo negoziale;;FONDO PENSIONE FONDO GOMMA PLASTICA;CONSERVATIVO CON GARANZIA;(1);GAR;1,58;1,02;0,84;0,71
125;Fondo negoziale;;FONDO PENSIONE FONDO GOMMA PLASTICA;DINAMICO;;AZN;1,06;0,50;0,31;0,18
126;Fondo negoziale;;FONDO PENSIONE MEDIAFOND;COMPARTO AZIONARIO;;AZN;1,04;0,70;0,55;0,42
126;Fondo negoziale;;FONDO PENSIONE MEDIAFOND;COMPARTO GARANTITO;(1);GAR;1,24;0,91;0,76;0,63
126;Fondo negoziale;;FONDO PENSIONE MEDIAFOND;COMPARTO OBBLIGAZIONARIO;;OBB;0,98;0,65;0,49;0,37
127;Fondo negoziale;;PREVAER - FONDO PENSIONE;LINEA CRESCITA;(2);BIL;1,08;0,58;0,40;0,27
127;Fondo negoziale;;PREVAER - FONDO PENSIONE;LINEA DINAMICA;(2);BIL;1,08;0,58;0,40;0,27
127;Fondo negoziale;;PREVAER - FONDO PENSIONE;LINEA GARANTITA;(1);GAR;1,40;0,91;0,72;0,59
127;Fondo negoziale;;PREVAER - FONDO PENSIONE;LINEA PRUDENTE;(2);OBB;1,06;0,56;0,38;0,24
129;Fondo negoziale;;FONDO PENSIONE EUROFER;BILANCIATO;(2);BIL;0,81;0,41;0,30;0,23
129;Fondo negoziale;;FONDO PENSIONE EUROFER;DINAMICO;(2);AZN;0,74;0,34;0,23;0,16
129;Fondo negoziale;;FONDO PENSIONE EUROFER;GARANTITO;(1);GAR;1,17;0,78;0,67;0,59
136;Fondo negoziale;;FONDO PENSIONE PREVEDI;BILANCIATO;(2);BIL;0,34;0,22;0,18;0,15
136;Fondo negoziale;;FONDO PENSIONE PREVEDI;SICUREZZA;(1);GAR;0,41;0,30;0,26;0,23
139;Fondo negoziale;;FONDO PENSIONE PRIAMO;BILANCIATO PRUDENZA;(2);OBB;1,41;0,57;0,35;0,22
139;Fondo negoziale;;FONDO PENSIONE PRIAMO;BILANCIATO SVILUPPO;(2);BIL;1,43;0,59;0,37;0,24
139;Fondo negoziale;;FONDO PENSIONE PRIAMO;GARANTITO PROTEZIONE;(1);GAR;1,73;0,89;0,67;0,55
142;Fondo negoziale;;FONDO PENSIONE FONDEMAIN;DINAMICO  - Lavoratori autonomi;;AZN;0,85;0,40;0,26;0,17
142;Fondo negoziale;;FONDO PENSIONE FONDEMAIN;DINAMICO  - Lavoratori dipendenti;;AZN;0,79;0,39;0,26;0,17
142;Fondo negoziale;;FONDO PENSIONE FONDEMAIN;GARANTITO - Lavoratori autonomi;(1);GAR;1,21;0,77;0,63;0,53
142;Fondo negoziale;;FONDO PENSIONE FONDEMAIN;GARANTITO - Lavoratori dipendenti;(1);GAR;1,15;0,76;0,62;0,53
142;Fondo negoziale;;FONDO PENSIONE FONDEMAIN;PRUDENTE - Lavoratori autonomi;;OBB;0,85;0,40;0,26;0,17
142;Fondo negoziale;;FONDO PENSIONE FONDEMAIN;PRUDENTE - Lavoratori dipendenti;;OBB;0,79;0,39;0,26;0,17
143;Fondo negoziale;;FONDO PENSIONE FONDOPOSTE;BILANCIATO;(2);BIL;0,62;0,45;0,39;0,35
143;Fondo negoziale;;FONDO PENSIONE FONDOPOSTE;GARANTITO;(1);GAR;0,68;0,52;0,46;0,41
145;Fondo negoziale;;FONDO PENSIONE FONDO SCUOLA ESPERO;CRESCITA;;BIL;0,78;0,43;0,30;0,20
145;Fondo negoziale;;FONDO PENSIONE FONDO SCUOLA ESPERO;GARANZIA;(1);GAR;0,94;0,60;0,47;0,37
148;Fondo negoziale;;ASTRI - FONDO PENSIONE;BILANCIATO;;BIL;0,84;0,42;0,28;0,17
148;Fondo negoziale;;ASTRI - FONDO PENSIONE;GARANTITO;(1);GAR;1,20;0,79;0,64;0,54
157;Fondo negoziale;;FONDO PENSIONE AGRIFONDO;BILANCIATO;;BIL;0,85;0,51;0,36;0,23
157;Fondo negoziale;;FONDO PENSIONE AGRIFONDO;GARANTITO;(1);GAR;0,94;0,61;0,45;0,33
164;Fondo negoziale;;FONDO PERSEO SIRIO;GARANTITO;(1);GAR;0,78;0,57;0,47;0,39
164;Fondo negoziale;;FONDO PERSEO SIRIO;AZIONARIO;;AZN;0,66;0,45;0,36;0,28
164;Fondo negoziale;;FONDO PERSEO SIRIO;OBBLIGAZIONARIO;;OBB;0,59;0,38;0,28;0,21
167;Fondo negoziale;;FONDAEREO;GARANTITO  - Assistenti di volo;(1);GAR;1,85;1,23;0,97;0,75
167;Fondo negoziale;;FONDAEREO;GARANTITO  - Piloti;(1);GAR;2,73;1,67;1,20;0,82
167;Fondo negoziale;;FONDAEREO;EQUILIBRIO - Assistenti di volo;;OBB;1,35;0,73;0,47;0,25
167;Fondo negoziale;;FONDAEREO;EQUILIBRIO - Piloti;;OBB;2,24;1,17;0,70;0,31
167;Fondo negoziale;;FONDAEREO;CRESCITA - Assistenti di volo;;AZN;1,35;0,73;0,47;0,25
167;Fondo negoziale;;FONDAEREO;CRESCITA - Piloti;;AZN;2,24;1,17;0,70;0,31
170;Fondo negoziale;;PREVIDENZA COOPERATIVA;BILANCIATO;;OBB;0,68;0,40;0,31;0,24
170;Fondo negoziale;;PREVIDENZA COOPERATIVA;DINAMICO;;AZN;0,66;0,38;0,29;0,22
170;Fondo negoziale;;PREVIDENZA COOPERATIVA;SICURO;(1);GAR;1,04;0,76;0,67;0,60
4;Fondo aperto;ALLIANZ SPA;ALLIANZ PREVIDENZA  FONDO PENSIONE APERTO A CONTRIBUZIONE DEFINITA;LINEA AZIONARIA;;AZN;2,12;1,58;1,49;1,45
4;Fondo aperto;ALLIANZ SPA;ALLIANZ PREVIDENZA  FONDO PENSIONE APERTO A CONTRIBUZIONE DEFINITA;LINEA BILANCIATA;;BIL;1,92;1,38;1,29;1,25
4;Fondo aperto;ALLIANZ SPA;ALLIANZ PREVIDENZA  FONDO PENSIONE APERTO A CONTRIBUZIONE DEFINITA;LINEA FLESSIBILE;(3);GAR;1,77;1,23;1,14;1,10
4;Fondo aperto;ALLIANZ SPA;ALLIANZ PREVIDENZA  FONDO PENSIONE APERTO A CONTRIBUZIONE DEFINITA;LINEA MULTIASSET;;BIL;3,05;2,09;1,80;1,61
4;Fondo aperto;ALLIANZ SPA;ALLIANZ PREVIDENZA  FONDO PENSIONE APERTO A CONTRIBUZIONE DEFINITA;LINEA OBBLIGAZIONARIA BREVE TERMINE;;OBB;1,67;1,13;1,04;1,00
4;Fondo aperto;ALLIANZ SPA;ALLIANZ PREVIDENZA  FONDO PENSIONE APERTO A CONTRIBUZIONE DEFINITA;LINEA OBBLIGAZIONARIA LUNGO TERMINE;;OBB;1,87;1,33;1,24;1,20
5;Fondo aperto;AXA MPS ASSICURAZIONI VITA SPA;PREVIDENZA PER TE - FONDO PENSIONE APERTO;CRESCITA;;AZN;3,01;2,13;1,88;1,72
5;Fondo aperto;AXA MPS ASSICURAZIONI VITA SPA;PREVIDENZA PER TE - FONDO PENSIONE APERTO;GARANTITA;(3);GAR;2,59;1,71;1,46;1,30
5;Fondo aperto;AXA MPS ASSICURAZIONI VITA SPA;PREVIDENZA PER TE - FONDO PENSIONE APERTO;MISTA;;BIL;2,80;1,92;1,67;1,51
5;Fondo aperto;AXA MPS ASSICURAZIONI VITA SPA;PREVIDENZA PER TE - FONDO PENSIONE APERTO;MONETA;;OBB;2,49;1,61;1,36;1,19
5;Fondo aperto;AXA MPS ASSICURAZIONI VITA SPA;PREVIDENZA PER TE - FONDO PENSIONE APERTO;STABILITÀ;;BIL;2,49;1,61;1,36;1,19
6;Fondo aperto;ALLEANZA ASSICURAZIONI SPA;ALMEGLIO FONDO PENSIONE APERTO ALLEANZA A CONTRIBUZIONE DEFINITA;AZIONARIO;(6);AZN;4,73;3,20;2,58;2,10
6;Fondo aperto;ALLEANZA ASSICURAZIONI SPA;ALMEGLIO FONDO PENSIONE APERTO ALLEANZA A CONTRIBUZIONE DEFINITA;BILANCIATO;(3) (6);GAR;4,38;2,84;2,22;1,74
6;Fondo aperto;ALLEANZA ASSICURAZIONI SPA;ALMEGLIO FONDO PENSIONE APERTO ALLEANZA A CONTRIBUZIONE DEFINITA;OBBLIGAZIONARIO;(3) (6);GAR;4,02;2,48;1,86;1,38
7;Fondo aperto;FIDEURAM VITA SPA;FONDO PENSIONE FIDEURAM - FONDO PENSIONE APERTO;CRESCITA;;AZN;3,90;2,54;2,22;2,05
7;Fondo aperto;FIDEURAM VITA SPA;FONDO PENSIONE FIDEURAM - FONDO PENSIONE APERTO;EQUILIBRIO;;BIL;3,41;2,04;1,72;1,55
7;Fondo aperto;FIDEURAM VITA SPA;FONDO PENSIONE FIDEURAM - FONDO PENSIONE APERTO;GARANZIA;(3);GAR;2,91;1,54;1,22;1,05
7;Fondo aperto;FIDEURAM VITA SPA;FONDO PENSIONE FIDEURAM - FONDO PENSIONE APERTO;SICUREZZA;;OBB;3,21;1,84;1,52;1,35
7;Fondo aperto;FIDEURAM VITA SPA;FONDO PENSIONE FIDEURAM - FONDO PENSIONE APERTO;VALORE;;AZN;3,90;2,54;2,22;2,05
7;Fondo aperto;FIDEURAM VITA SPA;FONDO PENSIONE FIDEURAM - FONDO PENSIONE APERTO;MILLENIALS;;AZN;3,70;2,34;2,02;1,85
8;Fondo aperto;GENERALI ITALIA SPA;GENERALI GLOBAL - FONDO PENSIONE APERTO A CONTRIBUZIONE DEFINITA;AZIONARIO GLOBALE;;AZN;3,06;2,02;1,76;1,60
8;Fondo aperto;GENERALI ITALIA SPA;GENERALI GLOBAL - FONDO PENSIONE APERTO A CONTRIBUZIONE DEFINITA;MULTIASSET;;BIL;2,85;1,81;1,55;1,40
8;Fondo aperto;GENERALI ITALIA SPA;GENERALI GLOBAL - FONDO PENSIONE APERTO A CONTRIBUZIONE DEFINITA;OBBLIGAZIONARIO;;OBB;2,44;1,40;1,13;0,98
8;Fondo aperto;GENERALI ITALIA SPA;GENERALI GLOBAL - FONDO PENSIONE APERTO A CONTRIBUZIONE DEFINITA;OBBLIGAZIONARIO BREVE TERMINE;;OBB;2,39;1,34;1,08;0,93
8;Fondo aperto;GENERALI ITALIA SPA;GENERALI GLOBAL - FONDO PENSIONE APERTO A CONTRIBUZIONE DEFINITA;REAL RETURN;;OBB;2,49;1,45;1,18;1,03
10;Fondo aperto;INTESA SANPAOLO VITA SPA;FONDO PENSIONE APERTO PREVID-SYSTEM;ACCUMULAZIONE BILANCIATA;(4);BIL;1,91;1,34;1,18;1,09
10;Fondo aperto;INTESA SANPAOLO VITA SPA;FONDO PENSIONE APERTO PREVID-SYSTEM;CRESCITA DINAMICA;(4);OBB;1,76;1,19;1,03;0,94
10;Fondo aperto;INTESA SANPAOLO VITA SPA;FONDO PENSIONE APERTO PREVID-SYSTEM;CRESCITA PRUDENTE;(4);OBB;1,66;1,09;0,93;0,84
10;Fondo aperto;INTESA SANPAOLO VITA SPA;FONDO PENSIONE APERTO PREVID-SYSTEM;RIVALUTAZIONE AZIONARIA;(4);AZN;2,21;1,64;1,48;1,39
10;Fondo aperto;INTESA SANPAOLO VITA SPA;FONDO PENSIONE APERTO PREVID-SYSTEM;TFR+;(3) (4);GAR;1,66;1,09;0,93;0,84
17;Fondo aperto;SOCIETA' REALE MUTUA DI ASSICURAZIONI;FONDO PENSIONE APERTO TESEO;BILANCIATA ETICA;;BIL;2,01;1,46;1,36;1,32
17;Fondo aperto;SOCIETA' REALE MUTUA DI ASSICURAZIONI;FONDO PENSIONE APERTO TESEO;GARANTITA ETICA;(3);GAR;1,37;0,81;0,71;0,67
17;Fondo aperto;SOCIETA' REALE MUTUA DI ASSICURAZIONI;FONDO PENSIONE APERTO TESEO;PRUDENZIALE ETICA;;OBB;1,71;1,16;1,06;1,02
17;Fondo aperto;SOCIETA' REALE MUTUA DI ASSICURAZIONI;FONDO PENSIONE APERTO TESEO;SVILUPPO ETICA;;AZN;2,21;1,66;1,56;1,52
18;Fondo aperto;CREDEMVITA SPA;CREDEMPREVIDENZA FONDO PENSIONE APERTO;AZIONARIO;;AZN;2,67;1,91;1,71;1,60
18;Fondo aperto;CREDEMVITA SPA;CREDEMPREVIDENZA FONDO PENSIONE APERTO;BILANCIATO;;BIL;2,37;1,60;1,40;1,28
18;Fondo aperto;CREDEMVITA SPA;CREDEMPREVIDENZA FONDO PENSIONE APERTO;FLESSIBILE;;OBB;2,16;1,39;1,19;1,08
18;Fondo aperto;CREDEMVITA SPA;CREDEMPREVIDENZA FONDO PENSIONE APERTO;OBBLIGAZIONARIO GARANTITO;(3);GAR;2,26;1,50;1,30;1,18
22;Fondo aperto;VITTORIA ASSICURAZIONI SPA;FONDO PENSIONE APERTO - VITTORIA FORMULA LAVORO;PREVIDENZA BILANCIATO INTERNAZIONALE;;BIL;2,99;1,59;1,24;1,05
22;Fondo aperto;VITTORIA ASSICURAZIONI SPA;FONDO PENSIONE APERTO - VITTORIA FORMULA LAVORO;PREVIDENZA CAPITALIZZATA;;AZN;3,66;2,27;1,92;1,73
22;Fondo aperto;VITTORIA ASSICURAZIONI SPA;FONDO PENSIONE APERTO - VITTORIA FORMULA LAVORO;PREVIDENZA EQUILIBRATA;;BIL;3,31;1,91;1,56;1,37
22;Fondo aperto;VITTORIA ASSICURAZIONI SPA;FONDO PENSIONE APERTO - VITTORIA FORMULA LAVORO;PREVIDENZA GARANTITA;(3);GAR;2,99;1,59;1,24;1,05
26;Fondo aperto;ARCA FONDI SGR SPA;ARCA PREVIDENZA FONDO PENSIONE APERTO;ALTA CRESCITA SOSTENIBILE;;BIL;2,82;1,81;1,61;1,52
26;Fondo aperto;ARCA FONDI SGR SPA;ARCA PREVIDENZA FONDO PENSIONE APERTO;CRESCITA SOSTENIBILE;;BIL;2,64;1,63;1,42;1,33
26;Fondo aperto;ARCA FONDI SGR SPA;ARCA PREVIDENZA FONDO PENSIONE APERTO;OBIETTIVO TFR;(3);GAR;2,64;1,63;1,42;1,33
26;Fondo aperto;ARCA FONDI SGR SPA;ARCA PREVIDENZA FONDO PENSIONE APERTO;RENDITA SOSTENIBILE;;BIL;2,58;1,56;1,36;1,27
30;Fondo aperto;UNIPOLSAI ASSICURAZIONI SPA;FONDO PENSIONE APERTO UNIPOLSAI PREVIDENZA FPA;AZIONARIO;;AZN;3,04;2,14;1,89;1,72
30;Fondo aperto;UNIPOLSAI ASSICURAZIONI SPA;FONDO PENSIONE APERTO UNIPOLSAI PREVIDENZA FPA;BILANCIATO DINAMICO;;BIL;2,73;1,83;1,57;1,41
30;Fondo aperto;UNIPOLSAI ASSICURAZIONI SPA;FONDO PENSIONE APERTO UNIPOLSAI PREVIDENZA FPA;BILANCIATO EQUILIBRATO;;BIL;2,52;1,63;1,37;1,20
30;Fondo aperto;UNIPOLSAI ASSICURAZIONI SPA;FONDO PENSIONE APERTO UNIPOLSAI PREVIDENZA FPA;BILANCIATO ETICO;;OBB;2,32;1,42;1,16;0,99
30;Fondo aperto;UNIPOLSAI ASSICURAZIONI SPA;FONDO PENSIONE APERTO UNIPOLSAI PREVIDENZA FPA;BILANCIATO PRUDENTE;;OBB;2,52;1,63;1,37;1,20
30;Fondo aperto;UNIPOLSAI ASSICURAZIONI SPA;FONDO PENSIONE APERTO UNIPOLSAI PREVIDENZA FPA;OBBLIGAZIONARIO;;OBB;2,32;1,42;1,16;0,99
30;Fondo aperto;UNIPOLSAI ASSICURAZIONI SPA;FONDO PENSIONE APERTO UNIPOLSAI PREVIDENZA FPA;GARANTITO FLEX;(3);GAR;2,17;1,26;1,00;0,83
31;Fondo aperto;VERA VITA SPA;FONDO PENSIONE APERTO - VERA VITA;POPOLARE-BOND;(3);GAR;2,07;1,34;1,20;1,15
31;Fondo aperto;VERA VITA SPA;FONDO PENSIONE APERTO - VERA VITA;POPOLARE-GEST;(3);GAR;2,12;1,39;1,25;1,20
31;Fondo aperto;VERA VITA SPA;FONDO PENSIONE APERTO - VERA VITA;POPOLARE-MIX;;BIL;2,16;1,44;1,30;1,25
33;Fondo aperto;UNICREDIT ALLIANZ VITA SPA;UNICREDIT - FONDO PENSIONE APERTO A CONTRIBUZIONE DEFINITA;DINAMICA - AZIONARIA INTERNAZIONALE;(6);AZN;2,95;1,87;1,67;1,60
33;Fondo aperto;UNICREDIT ALLIANZ VITA SPA;UNICREDIT - FONDO PENSIONE APERTO A CONTRIBUZIONE DEFINITA;SERENA - BILANCIATA;(6);BIL;2,75;1,67;1,47;1,40
33;Fondo aperto;UNICREDIT ALLIANZ VITA SPA;UNICREDIT - FONDO PENSIONE APERTO A CONTRIBUZIONE DEFINITA;SICURA - OBBLIGAZIONARIA CON GARANZIA DI RENDIMENTO MINIMO;(3) (6);GAR;2,45;1,37;1,17;1,10
33;Fondo aperto;UNICREDIT ALLIANZ VITA SPA;UNICREDIT - FONDO PENSIONE APERTO A CONTRIBUZIONE DEFINITA;TRANQUILLA - OBBLIGAZIONARIA MISTA CON GARANZIA DI RESTITUZIONE DEL CAPITALE;(3) (6);GAR;2,60;1,52;1,32;1,25
34;Fondo aperto;MEDIOLANUM GESTIONE FONDI SPA;FONDO PENSIONE APERTO PREVIGEST FUND MEDIOLANUM;AZIONARIO;;AZN;2,54;2,27;2,14;2,04
34;Fondo aperto;MEDIOLANUM GESTIONE FONDI SPA;FONDO PENSIONE APERTO PREVIGEST FUND MEDIOLANUM;BILANCIATO;;BIL;2,28;2,01;1,89;1,78
34;Fondo aperto;MEDIOLANUM GESTIONE FONDI SPA;FONDO PENSIONE APERTO PREVIGEST FUND MEDIOLANUM;OBBLIGAZIONARIO;;OBB;2,04;1,77;1,65;1,54
37;Fondo aperto;ZURICH INVESTMENTS LIFE SPA;FONDO PENSIONE APERTO ZURICH CONTRIBUTION;CONSERVATIVA;;OBB;2,35;1,23;1,02;0,95
37;Fondo aperto;ZURICH INVESTMENTS LIFE SPA;FONDO PENSIONE APERTO ZURICH CONTRIBUTION;DINAMICA;;AZN;2,45;1,33;1,12;1,05
37;Fondo aperto;ZURICH INVESTMENTS LIFE SPA;FONDO PENSIONE APERTO ZURICH CONTRIBUTION;GARANTITA;(3);GAR;2,30;1,18;0,97;0,90
39;Fondo aperto;ZURICH INVESTMENTS LIFE SPA;ZED OMNIFUND - FONDO PENSIONE APERTO;AZIONARIA;;AZN;3,96;2,83;2,51;2,31
39;Fondo aperto;ZURICH INVESTMENTS LIFE SPA;ZED OMNIFUND - FONDO PENSIONE APERTO;BILANCIATA 30;;BIL;3,14;1,99;1,67;1,46
39;Fondo aperto;ZURICH INVESTMENTS LIFE SPA;ZED OMNIFUND - FONDO PENSIONE APERTO;BILANCIATA 65;;AZN;3,55;2,41;2,09;1,89
39;Fondo aperto;ZURICH INVESTMENTS LIFE SPA;ZED OMNIFUND - FONDO PENSIONE APERTO;GARANTITA;(3);GAR;3,55;2,41;2,09;1,89
39;Fondo aperto;ZURICH INVESTMENTS LIFE SPA;ZED OMNIFUND - FONDO PENSIONE APERTO;OBBLIGAZIONARIA;;OBB;2,66;1,51;1,19;0,98
40;Fondo aperto;ITAS VITA SPA;PLURIFONDS IL FONDO PENSIONE DI ITAS VITA;ACTIVITAS;;AZN;2,34;1,84;1,69;1,59
40;Fondo aperto;ITAS VITA SPA;PLURIFONDS IL FONDO PENSIONE DI ITAS VITA;AEQUITAS;;BIL;2,01;1,44;1,26;1,13
40;Fondo aperto;ITAS VITA SPA;PLURIFONDS IL FONDO PENSIONE DI ITAS VITA;SECURITAS;(3);GAR;1,82;1,32;1,17;1,07
40;Fondo aperto;ITAS VITA SPA;PLURIFONDS IL FONDO PENSIONE DI ITAS VITA;SERENITAS;;OBB;1,62;1,12;0,96;0,86
40;Fondo aperto;ITAS VITA SPA;PLURIFONDS IL FONDO PENSIONE DI ITAS VITA;SOLIDITAS;;BIL;1,98;1,48;1,33;1,23
50;Fondo aperto;SELLA SGR SPA;EURORISPARMIO PREVIDENZA COMPLEMENTARE FONDO PENSIONE APERTO;AZIONARIO EUROPA;;AZN;2,28;1,74;1,57;1,45
50;Fondo aperto;SELLA SGR SPA;EURORISPARMIO PREVIDENZA COMPLEMENTARE FONDO PENSIONE APERTO;AZIONARIO INTERNAZIONALE;;AZN;2,28;1,74;1,57;1,45
50;Fondo aperto;SELLA SGR SPA;EURORISPARMIO PREVIDENZA COMPLEMENTARE FONDO PENSIONE APERTO;BILANCIATO;;BIL;2,08;1,54;1,37;1,25
50;Fondo aperto;SELLA SGR SPA;EURORISPARMIO PREVIDENZA COMPLEMENTARE FONDO PENSIONE APERTO;OBBLIGAZIONARIO;;OBB;1,68;1,14;0,97;0,85
50;Fondo aperto;SELLA SGR SPA;EURORISPARMIO PREVIDENZA COMPLEMENTARE FONDO PENSIONE APERTO;OBBLIGAZIONARIO GARANTITO;(3);GAR;1,48;0,94;0,77;0,65
53;Fondo aperto;"BCC RISPARMIO &amp; PREVIDENZA SOCIETA' DI GESTIONE DEL RISPARMIO DEL CREDITO COOPERATIVO SPA";FONDO PENSIONE APERTO AUREO;AZIONARIO ESG;;AZN;2,17;1,77;1,65;1,57
53;Fondo aperto;"BCC RISPARMIO &amp; PREVIDENZA SOCIETA' DI GESTIONE DEL RISPARMIO DEL CREDITO COOPERATIVO SPA";FONDO PENSIONE APERTO AUREO;BILANCIATO ESG;;BIL;1,87;1,47;1,35;1,27
53;Fondo aperto;"BCC RISPARMIO &amp; PREVIDENZA SOCIETA' DI GESTIONE DEL RISPARMIO DEL CREDITO COOPERATIVO SPA";FONDO PENSIONE APERTO AUREO;GARANTITO  ESG;(3);GAR;1,17;0,77;0,65;0,57
53;Fondo aperto;"BCC RISPARMIO &amp; PREVIDENZA SOCIETA' DI GESTIONE DEL RISPARMIO DEL CREDITO COOPERATIVO SPA";FONDO PENSIONE APERTO AUREO;OBBLIGAZIONARIO ESG;;OBB;1,57;1,17;1,05;0,97
53;Fondo aperto;"BCC RISPARMIO &amp; PREVIDENZA SOCIETA' DI GESTIONE DEL RISPARMIO DEL CREDITO COOPERATIVO SPA";FONDO PENSIONE APERTO AUREO;PRUDENTE  ESG;;OBB;1,17;0,77;0,65;0,57
57;Fondo aperto;CREDIT AGRICOLE VITA SPA;FONDO PENSIONE APERTO CREDIT AGRICOLE VITA;LINEA DINAMICA;;AZN;2,66;1,85;1,63;1,50
57;Fondo aperto;CREDIT AGRICOLE VITA SPA;FONDO PENSIONE APERTO CREDIT AGRICOLE VITA;LINEA GARANTITA;(3);GAR;2,40;1,59;1,37;1,24
57;Fondo aperto;CREDIT AGRICOLE VITA SPA;FONDO PENSIONE APERTO CREDIT AGRICOLE VITA;LINEA MODERATA;;BIL;2,45;1,64;1,42;1,29
63;Fondo aperto;ANIMA SGR SPA;ARTI E MESTIERI FONDO PENSIONE APERTO;CONSERVAZIONE 3+;;OBB;1,99;1,21;1,03;0,93
63;Fondo aperto;ANIMA SGR SPA;ARTI E MESTIERI FONDO PENSIONE APERTO;CRESCITA 25+;;AZN;2,68;1,91;1,73;1,63
63;Fondo aperto;ANIMA SGR SPA;ARTI E MESTIERI FONDO PENSIONE APERTO;EQUILIBRIO 5+;;BIL;2,19;1,41;1,23;1,13
63;Fondo aperto;ANIMA SGR SPA;ARTI E MESTIERI FONDO PENSIONE APERTO;GARANZIA 1+;(3);GAR;1,69;0,91;0,73;0,63
63;Fondo aperto;ANIMA SGR SPA;ARTI E MESTIERI FONDO PENSIONE APERTO;INCREMENTO E GARANZIA 5+;(3) (5);GAR;1,79;1,01;0,83;0,73
63;Fondo aperto;ANIMA SGR SPA;ARTI E MESTIERI FONDO PENSIONE APERTO;RIVALUTAZIONE 10+;;BIL;2,49;1,71;1,53;1,43
65;Fondo aperto;AMUNDI SGR SPA;SECONDAPENSIONE FONDO PENSIONE APERTO;BILANCIATA ESG;;BIL;1,09;0,88;0,78;0,71
65;Fondo aperto;AMUNDI SGR SPA;SECONDAPENSIONE FONDO PENSIONE APERTO;ESPANSIONE ESG;;AZN;1,24;1,03;0,94;0,86
65;Fondo aperto;AMUNDI SGR SPA;SECONDAPENSIONE FONDO PENSIONE APERTO;GARANTITA ESG;(3);GAR;1,14;0,93;0,84;0,76
65;Fondo aperto;AMUNDI SGR SPA;SECONDAPENSIONE FONDO PENSIONE APERTO;PRUDENTE ESG;;OBB;1,03;0,83;0,73;0,65
65;Fondo aperto;AMUNDI SGR SPA;SECONDAPENSIONE FONDO PENSIONE APERTO;SVILUPPO ESG;;BIL;1,14;0,93;0,84;0,76
70;Fondo aperto;INTESA SANPAOLO VITA SPA;FONDO PENSIONE APERTO GIUSTINIANO;AZIONARIA;;AZN;2,33;1,72;1,54;1,42
70;Fondo aperto;INTESA SANPAOLO VITA SPA;FONDO PENSIONE APERTO GIUSTINIANO;BILANCIATA;;BIL;2,03;1,42;1,24;1,12
70;Fondo aperto;INTESA SANPAOLO VITA SPA;FONDO PENSIONE APERTO GIUSTINIANO;MONETARIA;;OBB;1,55;0,94;0,76;0,64
70;Fondo aperto;INTESA SANPAOLO VITA SPA;FONDO PENSIONE APERTO GIUSTINIANO;OBBLIGAZIONARIA;;OBB;1,64;1,03;0,85;0,73
70;Fondo aperto;INTESA SANPAOLO VITA SPA;FONDO PENSIONE APERTO GIUSTINIANO;TFR+;(3);GAR;1,64;1,03;0,85;0,73
78;Fondo aperto;GROUPAMA ASSICURAZIONI SPA;PROGRAMMA OPEN FONDO PENSIONE APERTO;BILANCIATO ETICO;;BIL;3,46;1,96;1,58;1,36
78;Fondo aperto;GROUPAMA ASSICURAZIONI SPA;PROGRAMMA OPEN FONDO PENSIONE APERTO;NUOVO OBBLIGAZIONARIO ETICO;(3);GAR;3,26;1,76;1,38;1,16
78;Fondo aperto;GROUPAMA ASSICURAZIONI SPA;PROGRAMMA OPEN FONDO PENSIONE APERTO;PREVALENTEMENTE AZIONARIO ETICO;;AZN;3,66;2,17;1,78;1,56
84;Fondo aperto;INTESA SANPAOLO VITA SPA;FONDO PENSIONE APERTO IL MIO DOMANI;LINEA BREVE TERMINE;(4);OBB;2,94;1,71;1,30;1,01
84;Fondo aperto;INTESA SANPAOLO VITA SPA;FONDO PENSIONE APERTO IL MIO DOMANI;LINEA BREVE TERMINE ESG;(4);OBB;2,94;1,71;1,30;1,01
84;Fondo aperto;INTESA SANPAOLO VITA SPA;FONDO PENSIONE APERTO IL MIO DOMANI;LINEA LUNGO TERMINE;(4);BIL;3,44;2,21;1,80;1,51
84;Fondo aperto;INTESA SANPAOLO VITA SPA;FONDO PENSIONE APERTO IL MIO DOMANI;LINEA LUNGO TERMINE ESG;(4);AZN;3,44;2,21;1,80;1,51
84;Fondo aperto;INTESA SANPAOLO VITA SPA;FONDO PENSIONE APERTO IL MIO DOMANI;LINEA MEDIO TERMINE;(4);BIL;3,24;2,01;1,60;1,31
84;Fondo aperto;INTESA SANPAOLO VITA SPA;FONDO PENSIONE APERTO IL MIO DOMANI;LINEA MEDIO TERMINE ESG;(4);BIL;3,24;2,01;1,60;1,31
84;Fondo aperto;INTESA SANPAOLO VITA SPA;FONDO PENSIONE APERTO IL MIO DOMANI;LINEA TFR;(3) (4);GAR;3,04;1,81;1,40;1,11
92;Fondo aperto;AZIMUT CAPITAL MANAGEMENT SGR SPA;AZIMUT PREVIDENZA - FONDO PENSIONE APERTO;CRESCITA;(4);AZN;3,49;2,43;2,13;1,93
92;Fondo aperto;AZIMUT CAPITAL MANAGEMENT SGR SPA;AZIMUT PREVIDENZA - FONDO PENSIONE APERTO;EQUILIBRATO;(4);BIL;3,18;2,12;1,82;1,62
92;Fondo aperto;AZIMUT CAPITAL MANAGEMENT SGR SPA;AZIMUT PREVIDENZA - FONDO PENSIONE APERTO;OBBLIGAZIONARIO;;OBB;2,66;1,60;1,30;1,10
111;Fondo aperto;HDI ASSICURAZIONI SPA;AZIONE DI PREVIDENZA - FONDO PENSIONE APERTO;DINAMICA;;AZN;2,81;2,16;1,97;1,84
111;Fondo aperto;HDI ASSICURAZIONI SPA;AZIONE DI PREVIDENZA - FONDO PENSIONE APERTO;EQUILIBRATA;;BIL;2,41;1,76;1,57;1,44
111;Fondo aperto;HDI ASSICURAZIONI SPA;AZIONE DI PREVIDENZA - FONDO PENSIONE APERTO;GARANTITA;(3);GAR;1,71;1,06;0,86;0,74
111;Fondo aperto;HDI ASSICURAZIONI SPA;AZIONE DI PREVIDENZA - FONDO PENSIONE APERTO;PRUDENTE;;OBB;2,01;1,36;1,17;1,04
115;Fondo aperto;CNP VITA ASSICURA SPA;FONDO PENSIONE APERTO CNP;AZIONARIO;;BIL;1,88;1,54;1,38;1,25
115;Fondo aperto;CNP VITA ASSICURA SPA;FONDO PENSIONE APERTO CNP;BILANCIATO;;BIL;1,68;1,34;1,18;1,05
115;Fondo aperto;CNP VITA ASSICURA SPA;FONDO PENSIONE APERTO CNP;GARANZIA DI RENDIMENTO MIN.;(3) (7);GAR;1,98;1,64;1,48;1,35
115;Fondo aperto;CNP VITA ASSICURA SPA;FONDO PENSIONE APERTO CNP;GARANZIA RESTITUZIONE CAPITALE;(3);GAR;1,78;1,44;1,28;1,15
115;Fondo aperto;CNP VITA ASSICURA SPA;FONDO PENSIONE APERTO CNP;OBBLIGAZIONARIO;;OBB;1,59;1,24;1,08;0,95
118;Fondo aperto;ALLIANZ SPA;INSIEME - FONDO PENSIONE APERTO A CONTRIBUZIONE DEFINITA;LINEA AZIONARIA;;AZN;0,80;0,80;0,80;0,80
118;Fondo aperto;ALLIANZ SPA;INSIEME - FONDO PENSIONE APERTO A CONTRIBUZIONE DEFINITA;LINEA BILANCIATA;;AZN;0,75;0,75;0,75;0,75
118;Fondo aperto;ALLIANZ SPA;INSIEME - FONDO PENSIONE APERTO A CONTRIBUZIONE DEFINITA;LINEA FLESSIBILE;(3);GAR;0,60;0,60;0,60;0,60
118;Fondo aperto;ALLIANZ SPA;INSIEME - FONDO PENSIONE APERTO A CONTRIBUZIONE DEFINITA;LINEA MULTIASSET;;BIL;3,03;1,50;1,10;0,87
118;Fondo aperto;ALLIANZ SPA;INSIEME - FONDO PENSIONE APERTO A CONTRIBUZIONE DEFINITA;LINEA OBBLIGAZIONARIA;;OBB;0,70;0,70;0,70;0,70
118;Fondo aperto;ALLIANZ SPA;INSIEME - FONDO PENSIONE APERTO A CONTRIBUZIONE DEFINITA;LINEA OBBLIGAZIONARIA BREVE TERMINE;;OBB;0,55;0,55;0,55;0,55
118;Fondo aperto;ALLIANZ SPA;INSIEME - FONDO PENSIONE APERTO A CONTRIBUZIONE DEFINITA;LINEA OBBLIGAZIONARIA LUNGO TERMINE;;OBB;0,70;0,70;0,70;0,70
120;Fondo aperto;BIM VITA SPA;FONDO PENSIONE APERTO BIM VITA;BILANCIATA  GLOBALE;;BIL;2,25;1,71;1,60;1,56
120;Fondo aperto;BIM VITA SPA;FONDO PENSIONE APERTO BIM VITA;BOND;;OBB;1,73;1,18;1,08;1,04
120;Fondo aperto;BIM VITA SPA;FONDO PENSIONE APERTO BIM VITA;EQUILIBRIO;(3);GAR;2,15;1,60;1,50;1,46
120;Fondo aperto;BIM VITA SPA;FONDO PENSIONE APERTO BIM VITA;EQUITY;;AZN;2,56;2,02;1,91;1,87
147;Fondo aperto;EUREGIO PLUS SGR SPA;FONDO PENSIONE APERTO PENSPLAN PROFI;ETHICAL LIFE BALANCED GROWTH;;OBB;2,14;1,42;1,21;1,08
147;Fondo aperto;EUREGIO PLUS SGR SPA;FONDO PENSIONE APERTO PENSPLAN PROFI;ETHICAL LIFE CONSERVATIVE;;OBB;1,93;1,21;1,01;0,87
147;Fondo aperto;EUREGIO PLUS SGR SPA;FONDO PENSIONE APERTO PENSPLAN PROFI;ETHICAL LIFE GROWTH;;BIL;2,24;1,52;1,32;1,19
147;Fondo aperto;EUREGIO PLUS SGR SPA;FONDO PENSIONE APERTO PENSPLAN PROFI;ETHICAL LIFE HIGH GROWTH;;AZN;2,50;1,78;1,58;1,45
147;Fondo aperto;EUREGIO PLUS SGR SPA;FONDO PENSIONE APERTO PENSPLAN PROFI;ETHICAL LIFE SHORT TERM;;OBB;1,83;1,11;0,90;0,77
149;Fondo aperto;CASSA CENTRALE RAIFFEISEN DELL’ALTO ADIGE SPA;RAIFFEISEN FONDO PENSIONE APERTO;ACTIVITY;;BIL;2,13;1,46;1,30;1,22
149;Fondo aperto;CASSA CENTRALE RAIFFEISEN DELL’ALTO ADIGE SPA;RAIFFEISEN FONDO PENSIONE APERTO;DYNAMIC;;BIL;2,33;1,66;1,51;1,42
149;Fondo aperto;CASSA CENTRALE RAIFFEISEN DELL’ALTO ADIGE SPA;RAIFFEISEN FONDO PENSIONE APERTO;GUARANTY;(3);GAR;2,07;1,40;1,25;1,16
149;Fondo aperto;CASSA CENTRALE RAIFFEISEN DELL’ALTO ADIGE SPA;RAIFFEISEN FONDO PENSIONE APERTO;SAFE;;OBB;1,92;1,25;1,09;1,01
150;Fondo aperto;ASSIMOCO VITA - COMPAGNIA DI ASSICURAZIONI SULLA VITA SPA;FONDO PENSIONE APERTO IL MELOGRANO;DINAMICA;;AZN;2,41;1,70;1,53;1,43
150;Fondo aperto;ASSIMOCO VITA - COMPAGNIA DI ASSICURAZIONI SULLA VITA SPA;FONDO PENSIONE APERTO IL MELOGRANO;EQUILIBRATA;;BIL;2,12;1,40;1,23;1,13
150;Fondo aperto;ASSIMOCO VITA - COMPAGNIA DI ASSICURAZIONI SULLA VITA SPA;FONDO PENSIONE APERTO IL MELOGRANO;GARANTITA;(3);GAR;2,22;1,50;1,33;1,23
150;Fondo aperto;ASSIMOCO VITA - COMPAGNIA DI ASSICURAZIONI SULLA VITA SPA;FONDO PENSIONE APERTO IL MELOGRANO;PRUDENTE;;OBB;1,82;1,10;0,93;0,83
153;Fondo aperto;INTESA SANPAOLO VITA SPA;FONDO PENSIONE APERTO UBI PREVIDENZA;AGGRESSIVO;;BIL;2,23;1,71;1,58;1,51
153;Fondo aperto;INTESA SANPAOLO VITA SPA;FONDO PENSIONE APERTO UBI PREVIDENZA;CAPITALE SICURO;(3);GAR;1,46;0,93;0,81;0,73
153;Fondo aperto;INTESA SANPAOLO VITA SPA;FONDO PENSIONE APERTO UBI PREVIDENZA;DINAMICO;;BIL;1,99;1,46;1,33;1,26
153;Fondo aperto;INTESA SANPAOLO VITA SPA;FONDO PENSIONE APERTO UBI PREVIDENZA;GARANTITO;(3) (7);GAR;1,77;1,24;1,12;1,04
153;Fondo aperto;INTESA SANPAOLO VITA SPA;FONDO PENSIONE APERTO UBI PREVIDENZA;MODERATO;;BIL;1,68;1,15;1,02;0,95
153;Fondo aperto;INTESA SANPAOLO VITA SPA;FONDO PENSIONE APERTO UBI PREVIDENZA;PRUDENTE;;OBB;1,49;0,97;0,84;0,77
155;Fondo aperto;HELVETIA VITA SPA - COMPAGNIA ITALO SVIZZERA D'ASSICURAZIONI SULLA VITA;FONDO PENSIONE APERTO SOLUZIONE PREVIDENTE;LINEA 1 GARANTITA;(3);GAR;2,06;1,36;1,18;1,07
155;Fondo aperto;HELVETIA VITA SPA - COMPAGNIA ITALO SVIZZERA D'ASSICURAZIONI SULLA VITA;FONDO PENSIONE APERTO SOLUZIONE PREVIDENTE;LINEA 2 PRUDENTE;;BIL;2,37;1,67;1,49;1,38
155;Fondo aperto;HELVETIA VITA SPA - COMPAGNIA ITALO SVIZZERA D'ASSICURAZIONI SULLA VITA;FONDO PENSIONE APERTO SOLUZIONE PREVIDENTE;LINEA 3 EQUILIBRATA;;BIL;2,57;1,88;1,70;1,59
155;Fondo aperto;HELVETIA VITA SPA - COMPAGNIA ITALO SVIZZERA D'ASSICURAZIONI SULLA VITA;FONDO PENSIONE APERTO SOLUZIONE PREVIDENTE;LINEA 4 DINAMICA;;AZN;2,89;2,19;2,01;1,90
160;Fondo aperto;INTESA SANPAOLO VITA SPA;BAP PENSIONE 2007 FONDO PENSIONE APERTO;EQUILIBRIO;(6);BIL;2,37;1,72;1,60;1,56
160;Fondo aperto;INTESA SANPAOLO VITA SPA;BAP PENSIONE 2007 FONDO PENSIONE APERTO;INVESTIMENTO;(6);AZN;2,63;1,98;1,86;1,82
160;Fondo aperto;INTESA SANPAOLO VITA SPA;BAP PENSIONE 2007 FONDO PENSIONE APERTO;TFR;(3) (6);GAR;2,06;1,41;1,29;1,25
169;Fondo aperto;AMUNDI SGR SPA;CORE PENSION FONDO PENSIONE APERTO;AZIONARIO 75% ESG;;AZN;1,82;1,44;1,29;1,18
169;Fondo aperto;AMUNDI SGR SPA;CORE PENSION FONDO PENSIONE APERTO;AZIONARIO PLUS 90% ESG;;AZN;1,98;1,60;1,45;1,34
169;Fondo aperto;AMUNDI SGR SPA;CORE PENSION FONDO PENSIONE APERTO;BILANCIATO 50% ESG;;BIL;1,67;1,28;1,14;1,03
169;Fondo aperto;AMUNDI SGR SPA;CORE PENSION FONDO PENSIONE APERTO;GARANTITO ESG;(3)(5);GAR;1,51;1,13;0,98;0,87
169;Fondo aperto;AMUNDI SGR SPA;CORE PENSION FONDO PENSIONE APERTO;OBBLIGAZIONARIO MISTO 25% ESG;;OBB;1,51;1,13;0,98;0,87
171;Fondo aperto;AZIMUT CAPITAL MANAGEMENT SGR SPA;AZIMUT SUSTAINABLE FUTURE -FONDO PENSIONE APERTO;BILANCIATO;;BIL;3,18;2,12;1,82;1,62
171;Fondo aperto;AZIMUT CAPITAL MANAGEMENT SGR SPA;AZIMUT SUSTAINABLE FUTURE -FONDO PENSIONE APERTO;BILANCIATO ACCRESCITIVO;;BIL;3,49;2,43;2,13;1,93
171;Fondo aperto;AZIMUT CAPITAL MANAGEMENT SGR SPA;AZIMUT SUSTAINABLE FUTURE -FONDO PENSIONE APERTO;BILANCIATO CONSERVATIVO;;BIL;2,66;1,60;1,30;1,10
5001;Fondo PIP;HDI ASSICURAZIONI S.P.A.;CBA PREVIDENZA - PIANO INDIVIDUALE PENSIONISTICO DI TIPO ASSICURATIVO - FONDO PENSIONE;CBA APPRODO;(1) (2);GAR;1,94;1,37;1,25;1,21
5001;Fondo PIP;HDI ASSICURAZIONI S.P.A.;CBA PREVIDENZA - PIANO INDIVIDUALE PENSIONISTICO DI TIPO ASSICURATIVO - FONDO PENSIONE;CBA ORIZZONTE 30;(1);BIL;2,57;2,00;1,88;1,84
5001;Fondo PIP;HDI ASSICURAZIONI S.P.A.;CBA PREVIDENZA - PIANO INDIVIDUALE PENSIONISTICO DI TIPO ASSICURATIVO - FONDO PENSIONE;CBA ORIZZONTE 60;(1);BIL;2,80;2,23;2,11;2,07
5002;Fondo PIP;INTESA SANPAOLO VITA S.P.A.;OUVERTURE 2007 - PIANO INDIVIDUALE PENSIONISTICO DI TIPO ASSICURATIVO - FONDO PENSIONE;BAP GESTIONE PREVIDENZA;(1) (2);GAR;3,56;2,52;2,05;1,65
5003;Fondo PIP;POSTE VITA S.P.A.;POSTA PREVIDENZA VALORE - PIANO INDIVIDUALE PENSIONISTICO DI TIPO ASSICURATIVO - FONDO PENSIONE;POSTA PENSIONE;(2);GAR;2,72;1,85;1,45;1,07
5003;Fondo PIP;POSTE VITA S.P.A.;POSTA PREVIDENZA VALORE - PIANO INDIVIDUALE PENSIONISTICO DI TIPO ASSICURATIVO - FONDO PENSIONE;POSTE VITA PREVIDENZA FLESSIBILE;;BIL;2,72;1,85;1,45;1,07
5006;Fondo PIP;ALLEANZA ASSICURAZIONI S.P.A.;ALLEATA PREVIDENZA - PIANO INDIVIDUALE PENSIONISTICO DI TIPO ASSICURATIVO - FONDO PENSIONE;ALLEATA AZIONARIA;;AZN;4,71;3,03;2,44;2,01
5006;Fondo PIP;ALLEANZA ASSICURAZIONI S.P.A.;ALLEATA PREVIDENZA - PIANO INDIVIDUALE PENSIONISTICO DI TIPO ASSICURATIVO - FONDO PENSIONE;ALLEATA BILANCIATA;;BIL;4,49;2,81;2,22;1,79
5006;Fondo PIP;ALLEANZA ASSICURAZIONI S.P.A.;ALLEATA PREVIDENZA - PIANO INDIVIDUALE PENSIONISTICO DI TIPO ASSICURATIVO - FONDO PENSIONE;ALLEATA GARANTITA;(2);GAR;4,16;2,48;1,89;1,45
5007;Fondo PIP;HDI ASSICURAZIONI S.P.A.;PREVIDENZA HDI - PIANO INDIVIDUALE PENSIONISTICO DI TIPO ASSICURATIVO - FONDO PENSIONE;HDI FONDO PENSIONE;(1) (2);GAR;3,33;2,07;1,56;1,15
5008;Fondo PIP;GENERTELLIFE S.P.A.;FUTURO ATTIVO – PIANO INDIVIDUALE PENSIONISTICO DI TIPO ASSICURATIVO – FONDO PENSIONE;PREVIDENZA CONCRETA;(1) (2) (4);GAR;4,71;3,00;2,21;1,55
5010;Fondo PIP;AXA MPS ASSICURAZIONI VITA S.P.A.;AXA MPS PREVIDENZA ATTIVA - PIANO INDIVIDUALE PENSIONISTICO DI TIPO ASSICURATIVO - FONDO PENSIONE;MPV PREVIDENZA;(2);GAR;3,06;2,24;1,93;1,69
5010;Fondo PIP;AXA MPS ASSICURAZIONI VITA S.P.A.;AXA MPS PREVIDENZA ATTIVA - PIANO INDIVIDUALE PENSIONISTICO DI TIPO ASSICURATIVO - FONDO PENSIONE;MPV PREVIDENZA AGGRESSIVO;;AZN;3,85;3,04;2,73;2,49
5010;Fondo PIP;AXA MPS ASSICURAZIONI VITA S.P.A.;AXA MPS PREVIDENZA ATTIVA - PIANO INDIVIDUALE PENSIONISTICO DI TIPO ASSICURATIVO - FONDO PENSIONE;MPV PREVIDENZA EQUILIBRATO;;BIL;3,61;2,79;2,48;2,24
5011;Fondo PIP;AXA MPS ASSICURAZIONI VITA S.P.A.;AXA MPS PREVIDENZA PERSONALE - PIANO INDIVIDUALE PENSIONISTICO DI TIPO ASSICURATIVO - FONDO PENSIONE;MPV PREVIDENZA;(2);GAR;3,69;2,55;2,05;1,65
5011;Fondo PIP;AXA MPS ASSICURAZIONI VITA S.P.A.;AXA MPS PREVIDENZA PERSONALE - PIANO INDIVIDUALE PENSIONISTICO DI TIPO ASSICURATIVO - FONDO PENSIONE;MPV PREVIDENZA AGGRESSIVO;;AZN;4,57;3,45;2,96;2,56
5011;Fondo PIP;AXA MPS ASSICURAZIONI VITA S.P.A.;AXA MPS PREVIDENZA PERSONALE - PIANO INDIVIDUALE PENSIONISTICO DI TIPO ASSICURATIVO - FONDO PENSIONE;MPV PREVIDENZA EQUILIBRATO;;BIL;4,33;3,20;2,71;2,31
5012;Fondo PIP;GAMALIFE COMPANHIA DE SUGUROS DE VIDA, SA;VIPENSIONO - PIANO INDIVIDUALE PENSIONISTICO DI TIPO ASSICURATIVO - FONDO PENSIONE;EUROVIP;(1);AZN;3,84;2,82;2,32;1,93
5012;Fondo PIP;GAMALIFE COMPANHIA DE SUGUROS DE VIDA, SA;VIPENSIONO - PIANO INDIVIDUALE PENSIONISTICO DI TIPO ASSICURATIVO - FONDO PENSIONE;FONDO VIP;(1) (2);GAR;4,23;2,86;2,21;1,68
5015;Fondo PIP;GENERTELLIFE S.P.A.;NUOVA PENSIONE - PIANO INDIVIDUALE PENSIONISTICO DI TIPO ASSICURATIVO - FONDO PENSIONE;LVA DINAMICO PREVIDENZA;(1);AZN;5,84;4,18;3,56;3,09
5015;Fondo PIP;GENERTELLIFE S.P.A.;NUOVA PENSIONE - PIANO INDIVIDUALE PENSIONISTICO DI TIPO ASSICURATIVO - FONDO PENSIONE;RIALTO PREVIDENZA;(1) (2) (4);GAR;4,45;2,77;2,14;1,67
5016;Fondo PIP;GENERTELLIFE S.P.A.;BG PREVIDENZA ATTIVA - PIANO INDIVIDUALE PENSIONISTICO DI TIPO ASSICURATIVO - FONDO PENSIONE;LVA DINAMICO PREVIDENZA;;AZN;5,62;4,06;3,50;3,07
5016;Fondo PIP;GENERTELLIFE S.P.A.;BG PREVIDENZA ATTIVA - PIANO INDIVIDUALE PENSIONISTICO DI TIPO ASSICURATIVO - FONDO PENSIONE;RIALTO PREVIDENZA;(2) (4);GAR;4,22;2,65;2,08;1,65
5019;Fondo PIP;ZURICH INVESTMENTS LIFE S.P.A.;PROGRAMMA PENSIONE - PIANO INDIVIDUALE PENSIONISTICO DI TIPO ASSICURATIVO - FONDO PENSIONE;ZURICH PENSION ESG AZIONARIO;;AZN;4,66;3,64;3,18;2,78
5019;Fondo PIP;ZURICH INVESTMENTS LIFE S.P.A.;PROGRAMMA PENSIONE - PIANO INDIVIDUALE PENSIONISTICO DI TIPO ASSICURATIVO - FONDO PENSIONE;ZURICH PENSION ESG FLEX 4;;BIL;3,89;2,86;2,39;1,99
5019;Fondo PIP;ZURICH INVESTMENTS LIFE S.P.A.;PROGRAMMA PENSIONE - PIANO INDIVIDUALE PENSIONISTICO DI TIPO ASSICURATIVO - FONDO PENSIONE;ZURICH PENSION ESG FLEX 8;;BIL;4,34;3,32;2,85;2,46
5019;Fondo PIP;ZURICH INVESTMENTS LIFE S.P.A.;PROGRAMMA PENSIONE - PIANO INDIVIDUALE PENSIONISTICO DI TIPO ASSICURATIVO - FONDO PENSIONE;ZURICH PENSION ESG PROTETTO;;OBB;3,59;2,56;2,09;1,69
5023;Fondo PIP;GROUPAMA ASSICURAZIONI SPA;GROUPAMA PIANO PENSIONISTICO INDIVIDUALE - PIANO INDIVIDUALE PENSIONISTICO DI TIPO ASSICURATIVO - FONDO PENSIONE;VALOREPIU' PREVIDENZA;(1) (2);GAR;4,93;3,21;2,46;1,86
5024;Fondo PIP;ALLIANZ S.P.A.;ELIOS PREVIDENZA 2007 - PIANO INDIVIDUALE PENSIONISTICO DI TIPO ASSICURATIVO - FONDO PENSIONE;FONDO ARMONICO  2007;(1) (3);BIL;3,87;2,28;1,84;1,58
5024;Fondo PIP;ALLIANZ S.P.A.;ELIOS PREVIDENZA 2007 - PIANO INDIVIDUALE PENSIONISTICO DI TIPO ASSICURATIVO - FONDO PENSIONE;FONDO ATTIVO  2007;(1) (3);BIL;3,87;2,28;1,84;1,58
5024;Fondo PIP;ALLIANZ S.P.A.;ELIOS PREVIDENZA 2007 - PIANO INDIVIDUALE PENSIONISTICO DI TIPO ASSICURATIVO - FONDO PENSIONE;FONDO PROTETTO 2007;(1);GAR;3,87;2,28;1,84;1,58
5025;Fondo PIP;MEDIOLANUM VITA S.P.A.;PIANO INDIVIDUALE PENSIONISTICO DI TIPO ASSICURATIVO - FONDO PENSIONE - TAXBENEFIT NEW;CHALLENGE PROVIDENT FUND 1;;AZN;3,66;3,39;3,22;2,63
5025;Fondo PIP;MEDIOLANUM VITA S.P.A.;PIANO INDIVIDUALE PENSIONISTICO DI TIPO ASSICURATIVO - FONDO PENSIONE - TAXBENEFIT NEW;CHALLENGE PROVIDENT FUND 2;;BIL;3,08;2,80;2,63;2,09
5025;Fondo PIP;MEDIOLANUM VITA S.P.A.;PIANO INDIVIDUALE PENSIONISTICO DI TIPO ASSICURATIVO - FONDO PENSIONE - TAXBENEFIT NEW;CHALLENGE PROVIDENT FUND 3;;OBB;2,26;1,97;1,79;1,31
5025;Fondo PIP;MEDIOLANUM VITA S.P.A.;PIANO INDIVIDUALE PENSIONISTICO DI TIPO ASSICURATIVO - FONDO PENSIONE - TAXBENEFIT NEW;CHALLENGE PROVIDENT FUND 4;;OBB;1,82;1,52;1,34;0,89
5025;Fondo PIP;MEDIOLANUM VITA S.P.A.;PIANO INDIVIDUALE PENSIONISTICO DI TIPO ASSICURATIVO - FONDO PENSIONE - TAXBENEFIT NEW;CHALLENGE PROVIDENT FUND 5;;BIL;1,90;1,74;1,58;1,12
5027;Fondo PIP;CNP VITA ASSICURA S.P.A.;CNP TOP PENSION - PIANO INDIVIDUALE PENSIONISTICO DI TIPO ASSICURATIVO - FONDO PENSIONE;CNP PIP AZIONARIO;;AZN;3,76;2,75;2,38;2,10
5027;Fondo PIP;CNP VITA ASSICURA S.P.A.;CNP TOP PENSION - PIANO INDIVIDUALE PENSIONISTICO DI TIPO ASSICURATIVO - FONDO PENSIONE;CNP PIP BILANCIATO;;BIL;3,61;2,60;2,23;1,95
5027;Fondo PIP;CNP VITA ASSICURA S.P.A.;CNP TOP PENSION - PIANO INDIVIDUALE PENSIONISTICO DI TIPO ASSICURATIVO - FONDO PENSIONE;CNP PIP FLESSIBILE;;BIL;3,46;2,45;2,08;1,80
5027;Fondo PIP;CNP VITA ASSICURA S.P.A.;CNP TOP PENSION - PIANO INDIVIDUALE PENSIONISTICO DI TIPO ASSICURATIVO - FONDO PENSIONE;CNP PIP OBBLIGAZIONARIO;;OBB;3,26;2,25;1,88;1,60
5027;Fondo PIP;CNP VITA ASSICURA S.P.A.;CNP TOP PENSION - PIANO INDIVIDUALE PENSIONISTICO DI TIPO ASSICURATIVO - FONDO PENSIONE;GEPI;(2) (4);GAR;2,97;1,95;1,58;1,30
5029;Fondo PIP;CRÉDIT AGRICOLE VITA S.P.A.;CRÉDIT AGRICOLE VITA PENSIONE PIU' - PIANO INDIVIDUALE PENSIONISTICO DI TIPO ASSICURATIVO - FONDO PENSIONE;CRÉDIT AGRICOLE VITA PREVIDENZA;(2);GAR;2,63;1,68;1,40;1,21
5033;Fondo PIP;GROUPAMA ASSICURAZIONI SPA;PROGRAMMA PER TE - PIANO INDIVIDUALE PENSIONISTICO DI TIPO ASSICURATIVO - FONDO PENSIONE;VALOREPIU' PREVIDENZA;(2) (4);GAR;4,40;2,84;2,13;1,53
5033;Fondo PIP;GROUPAMA ASSICURAZIONI SPA;PROGRAMMA PER TE - PIANO INDIVIDUALE PENSIONISTICO DI TIPO ASSICURATIVO - FONDO PENSIONE;VALOREPIÙ AZIONARIO PREVIDENZA;;AZN;4,98;3,44;2,73;2,13
5036;Fondo PIP;ARCA VITA S.P.A.;PIANO INDIVIDUALE PENSIONISTICO DI TIPO ASSICURATIVO - PROGRESSIVE PENSION PLAN - PROGRAMMA DINAMICO - FONDO PENSIONE;CONTROL;(1);OBB;3,49;2,08;1,74;1,56
5036;Fondo PIP;ARCA VITA S.P.A.;PIANO INDIVIDUALE PENSIONISTICO DI TIPO ASSICURATIVO - PROGRESSIVE PENSION PLAN - PROGRAMMA DINAMICO - FONDO PENSIONE;MEDIUM;(1);BIL;3,80;2,40;2,06;1,87
5036;Fondo PIP;ARCA VITA S.P.A.;PIANO INDIVIDUALE PENSIONISTICO DI TIPO ASSICURATIVO - PROGRESSIVE PENSION PLAN - PROGRAMMA DINAMICO - FONDO PENSIONE;POWER;(1);AZN;4,01;2,61;2,27;2,08
5037;Fondo PIP;INTESA SANPAOLO VITA S.P.A.;PIP PROGETTO PENSIONE - PIANO INDIVIDUALE PENSIONISTICO DI TIPO ASSICURATIVO - FONDO PENSIONE;EV PREVI;(1) (2);GAR;4,01;2,50;1,99;1,63
5037;Fondo PIP;INTESA SANPAOLO VITA S.P.A.;PIP PROGETTO PENSIONE - PIANO INDIVIDUALE PENSIONISTICO DI TIPO ASSICURATIVO - FONDO PENSIONE;STRATEGIA 15;(1);OBB;4,17;2,66;2,15;1,79
5037;Fondo PIP;INTESA SANPAOLO VITA S.P.A.;PIP PROGETTO PENSIONE - PIANO INDIVIDUALE PENSIONISTICO DI TIPO ASSICURATIVO - FONDO PENSIONE;STRATEGIA 30;(1);OBB;4,42;2,91;2,41;2,04
5037;Fondo PIP;INTESA SANPAOLO VITA S.P.A.;PIP PROGETTO PENSIONE - PIANO INDIVIDUALE PENSIONISTICO DI TIPO ASSICURATIVO - FONDO PENSIONE;STRATEGIA 40;(1);BIL;4,71;3,21;2,71;2,34
5037;Fondo PIP;INTESA SANPAOLO VITA S.P.A.;PIP PROGETTO PENSIONE - PIANO INDIVIDUALE PENSIONISTICO DI TIPO ASSICURATIVO - FONDO PENSIONE;STRATEGIA 55;(1);AZN;5,01;3,51;3,01;2,63
5037;Fondo PIP;INTESA SANPAOLO VITA S.P.A.;PIP PROGETTO PENSIONE - PIANO INDIVIDUALE PENSIONISTICO DI TIPO ASSICURATIVO - FONDO PENSIONE;STRATEGIA 70;(1);AZN;5,16;3,66;3,16;2,79
5038;Fondo PIP;INTESA SANPAOLO VITA S.P.A.;"VITA&amp;PREVIDENZA SANPAOLO PIU'  - PIANO INDIVIDUALE PENSIONISTICO DI TIPO ASSICURATIVO - FONDO PENSIONE";EV PREVI;(1) (2);GAR;4,01;2,50;1,99;1,63
5038;Fondo PIP;INTESA SANPAOLO VITA S.P.A.;"VITA&amp;PREVIDENZA SANPAOLO PIU'  - PIANO INDIVIDUALE PENSIONISTICO DI TIPO ASSICURATIVO - FONDO PENSIONE";GLOBAL EQUITY PREVI;(1);AZN;5,14;3,64;3,14;2,77
5039;Fondo PIP;CRONOS VITA ASSICURAZIONI S.P.A.;PIANO PENSIONISTICO BAYERISCHE - TARIFFA 4026 - PIANO INDIVIDUALE PENSIONISTICO DI TIPO ASSICURATIVO - FONDO PENSIONE;NUOVO PPB;(1) (2);GAR;4,32;2,65;1,88;1,24
5040;Fondo PIP;CRONOS VITA ASSICURAZIONI S.P.A.;PIANO PENSIONISTICO BAYERISCHE - TARIFFA 4036 - PIANO INDIVIDUALE PENSIONISTICO DI TIPO ASSICURATIVO - FONDO PENSIONE;NUOVO PPB;(1) (2);GAR;4,32;2,65;1,88;1,24
5044;Fondo PIP;CRONOS VITA ASSICURAZIONI S.P.A.;PIANO PENSIONISTICO BAYERISCHE - TARIFFA 4046 - PIANO INDIVIDUALE PENSIONISTICI DI TIPO ASSICURATIVO - FONDO PENSIONE;NUOVO PPB;(1) (2);GAR;4,32;2,65;1,88;1,24
5046;Fondo PIP;CRONOS VITA ASSICURAZIONI S.P.A.;TAX QUALIFIED ANNUITY III - RENDITA DI PREVIDENZA QUALIFICATA - PIANO INDIVIDUALE PENSIONISTICO DI TIPO ASSICURATIVO - FONDO PENSIONE;PREVI;(1) (2) (4);GAR;4,44;2,70;1,91;1,26
5047;Fondo PIP;BCC VITA S.P.A.;MODUS. PIANO INDIVIDUALE PENSIONISTICO DI TIPO ASSICURATIVO - FONDO PENSIONE;BCC VITA EQUITY AMERICA PIP;(1);AZN;6,43;4,81;4,06;3,43
5047;Fondo PIP;BCC VITA S.P.A.;MODUS. PIANO INDIVIDUALE PENSIONISTICO DI TIPO ASSICURATIVO - FONDO PENSIONE;BCC VITA EQUITY ASIA PIP;(1);AZN;6,43;4,81;4,06;3,43
5047;Fondo PIP;BCC VITA S.P.A.;MODUS. PIANO INDIVIDUALE PENSIONISTICO DI TIPO ASSICURATIVO - FONDO PENSIONE;BCC VITA EQUITY EUROPA PIP;(1);AZN;6,44;4,82;4,07;3,44
5047;Fondo PIP;BCC VITA S.P.A.;MODUS. PIANO INDIVIDUALE PENSIONISTICO DI TIPO ASSICURATIVO - FONDO PENSIONE;BCC VITA GARANTITA PIP;(1) (2);GAR;4,80;3,15;2,39;1,75
5047;Fondo PIP;BCC VITA S.P.A.;MODUS. PIANO INDIVIDUALE PENSIONISTICO DI TIPO ASSICURATIVO - FONDO PENSIONE;BCC VITA WORLD GLOBAL BOND PIP;(1);OBB;5,02;3,37;2,61;1,97
5049;Fondo PIP;GAMALIFE COMPANHIA DE SUGUROS DE VIDA, SA;FUTURO PENSIONE PIANO INDIVIDUALE PENSIONISTICO DI TIPO ASSICURATIVO - FONDO PENSIONE;FONDO VIP;(1) (2);GAR;3,56;2,17;1,53;1,00
5050;Fondo PIP;UNIPOLSAI ASSICURAZIONI S.P.A.;UNIPOL FUTURO PRESENTE - PIANO INDIVIDUALE PENSIONISTICO DI TIPO ASSICURATIVO - FONDO PENSIONE;PREVIATTIVA UNIPOLSAI;(1) (2);GAR;4,83;2,91;2,17;1,61
5051;Fondo PIP;INTESA SANPAOLO VITA S.P.A.;AVIVA VITA - PRO FUTURO - PIANO INDIVIDUALE PENSIONISTICO DI TIPO ASSICURATIVO - FONDO PENSIONE;AVIVA-UBI;(1) (2);GAR;2,60;1,71;1,37;1,10
5051;Fondo PIP;INTESA SANPAOLO VITA S.P.A.;AVIVA VITA - PRO FUTURO - PIANO INDIVIDUALE PENSIONISTICO DI TIPO ASSICURATIVO - FONDO PENSIONE;AVIVA-UBI 1;(1);OBB;2,99;2,10;1,76;1,49
5051;Fondo PIP;INTESA SANPAOLO VITA S.P.A.;AVIVA VITA - PRO FUTURO - PIANO INDIVIDUALE PENSIONISTICO DI TIPO ASSICURATIVO - FONDO PENSIONE;AVIVA-UBI 2;(1);OBB;3,19;2,30;1,96;1,69
5051;Fondo PIP;INTESA SANPAOLO VITA S.P.A.;AVIVA VITA - PRO FUTURO - PIANO INDIVIDUALE PENSIONISTICO DI TIPO ASSICURATIVO - FONDO PENSIONE;AVIVA-UBI 3;(1);BIL;3,39;2,50;2,16;1,89
5051;Fondo PIP;INTESA SANPAOLO VITA S.P.A.;AVIVA VITA - PRO FUTURO - PIANO INDIVIDUALE PENSIONISTICO DI TIPO ASSICURATIVO - FONDO PENSIONE;AVIVA-UBI 4;(1);AZN;3,48;2,60;2,26;1,99
5052;Fondo PIP;SOCIETA' REALE MUTUA DI ASSICURAZIONI;CENTO STELLE REALE - PIANO INDIVIDUALE PENSIONISTICO DI TIPO ASSICURATIVO - FONDO PENSIONE;REALE LINEA EQUILIBRIO;;BIL;3,07;2,28;2,00;1,79
5052;Fondo PIP;SOCIETA' REALE MUTUA DI ASSICURAZIONI;CENTO STELLE REALE - PIANO INDIVIDUALE PENSIONISTICO DI TIPO ASSICURATIVO - FONDO PENSIONE;REALE LINEA FUTURO;;AZN;3,56;2,78;2,50;2,29
5052;Fondo PIP;SOCIETA' REALE MUTUA DI ASSICURAZIONI;CENTO STELLE REALE - PIANO INDIVIDUALE PENSIONISTICO DI TIPO ASSICURATIVO - FONDO PENSIONE;REALE LINEA PRUDENTE;(5);OBB;1,73;0,93;0,64;0,43
5053;Fondo PIP;COMPAGNIA ITALIANA DI PREVIDENZA, ASSICURAZIONI E RIASSICURAZIONI S.P.A.;FEELGOOD - PIANO INDIVIDUALE PENSIONISTICO DI TIPO ASSICURATIVO - FONDO PENSIONE;ITALIANA LINEA EQUILIBRIO;;BIL;2,75;2,05;1,79;1,59
5053;Fondo PIP;COMPAGNIA ITALIANA DI PREVIDENZA, ASSICURAZIONI E RIASSICURAZIONI S.P.A.;FEELGOOD - PIANO INDIVIDUALE PENSIONISTICO DI TIPO ASSICURATIVO - FONDO PENSIONE;ITALIANA LINEA FUTURO;;AZN;3,19;2,49;2,23;2,03
5053;Fondo PIP;COMPAGNIA ITALIANA DI PREVIDENZA, ASSICURAZIONI E RIASSICURAZIONI S.P.A.;FEELGOOD - PIANO INDIVIDUALE PENSIONISTICO DI TIPO ASSICURATIVO - FONDO PENSIONE;ITALIANA LINEA PRUDENTE;(5);OBB;1,56;0,85;0,58;0,38
5055;Fondo PIP;CNP UNICREDIT VITA S.P.A.;SENIORVITA VALORE FUTURO - PIANO INDIVIDUALE PENSIONISTICO DI TIPO ASSICURATIVO - FONDO PENSIONE;PROGETTO MEDIUM;(1);BIL;5,35;3,52;2,90;2,46
5055;Fondo PIP;CNP UNICREDIT VITA S.P.A.;SENIORVITA VALORE FUTURO - PIANO INDIVIDUALE PENSIONISTICO DI TIPO ASSICURATIVO - FONDO PENSIONE;PROGETTO OPPORTUNITY;(1);AZN;5,64;3,82;3,20;2,76
5055;Fondo PIP;CNP UNICREDIT VITA S.P.A.;SENIORVITA VALORE FUTURO - PIANO INDIVIDUALE PENSIONISTICO DI TIPO ASSICURATIVO - FONDO PENSIONE;PROGETTO SMART;(1);OBB;5,10;3,27;2,65;2,21
5055;Fondo PIP;CNP UNICREDIT VITA S.P.A.;SENIORVITA VALORE FUTURO - PIANO INDIVIDUALE PENSIONISTICO DI TIPO ASSICURATIVO - FONDO PENSIONE;PROGETTO SPRINT;(1);AZN;5,45;3,62;3,00;2,56
5055;Fondo PIP;CNP UNICREDIT VITA S.P.A.;SENIORVITA VALORE FUTURO - PIANO INDIVIDUALE PENSIONISTICO DI TIPO ASSICURATIVO - FONDO PENSIONE;SENIORVITA PREVIDENZIALE;(1) (2);GAR;4,27;2,42;1,80;1,35
5056;Fondo PIP;INTESA SANPAOLO VITA S.P.A.;PIANO INDIVIDUALE PENSIONISTICO DI TIPO ASSICURATIVO - FONDO PENSIONE PREVINEXT;PREVINEXT BALANCED;(1) (2);BIL;2,73;2,25;2,03;1,85
5056;Fondo PIP;INTESA SANPAOLO VITA S.P.A.;PIANO INDIVIDUALE PENSIONISTICO DI TIPO ASSICURATIVO - FONDO PENSIONE PREVINEXT;PREVINEXT DYNAMIC;(1);AZN;2,82;2,34;2,12;1,94
5056;Fondo PIP;INTESA SANPAOLO VITA S.P.A.;PIANO INDIVIDUALE PENSIONISTICO DI TIPO ASSICURATIVO - FONDO PENSIONE PREVINEXT;PREVINEXT FUTURO SICURO;(1);GAR;2,23;1,74;1,52;1,34
5057;Fondo PIP;INTESA SANPAOLO VITA S.P.A.;PIANO INDIVIDUALE PENSIONISTICO DI TIPO ASSICURATIVO - FONDO PENSIONE PREVINEXT PLATINUM;PREVINEXT BALANCED;(1);BIL;3,01;2,39;2,11;1,87
5057;Fondo PIP;INTESA SANPAOLO VITA S.P.A.;PIANO INDIVIDUALE PENSIONISTICO DI TIPO ASSICURATIVO - FONDO PENSIONE PREVINEXT PLATINUM;PREVINEXT DYNAMIC;(1);AZN;3,10;2,48;2,20;1,96
5057;Fondo PIP;INTESA SANPAOLO VITA S.P.A.;PIANO INDIVIDUALE PENSIONISTICO DI TIPO ASSICURATIVO - FONDO PENSIONE PREVINEXT PLATINUM;PREVINEXT FUTURO SICURO;(2)(1);GAR;2,50;1,88;1,60;1,36
5059;Fondo PIP;GENERALI ITALIA S.P.A.;PIANO INDIVIDUALE PENSIONISTICO DI TIPO ASSICURATIVO  - FONDO PENSIONE GUARDO AVANTI NEW;CATTOLICA PREVIDENZA AZIONARIO;(1) (3);AZN;3,04;2,38;2,09;1,84
5059;Fondo PIP;GENERALI ITALIA S.P.A.;PIANO INDIVIDUALE PENSIONISTICO DI TIPO ASSICURATIVO  - FONDO PENSIONE GUARDO AVANTI NEW;CATTOLICA PREVIDENZA BILANCIATO;(1) (3);BIL;2,84;2,18;1,89;1,64
5059;Fondo PIP;GENERALI ITALIA S.P.A.;PIANO INDIVIDUALE PENSIONISTICO DI TIPO ASSICURATIVO  - FONDO PENSIONE GUARDO AVANTI NEW;CATTOLICA PREVIDENZA SICURO;(1) (2);GAR;2,62;1,96;1,66;1,42
5060;Fondo PIP;GENERALI ITALIA S.P.A.;PIANO INDIVIDUALE PENSIONISTICO DI TIPO ASSICURATIVO - FONDO PENSIONE - PUNTALTO;CATTOLICA PREVIDENZA AZIONARIO;(1) (3);AZN;3,31;2,52;2,16;1,86
5060;Fondo PIP;GENERALI ITALIA S.P.A.;PIANO INDIVIDUALE PENSIONISTICO DI TIPO ASSICURATIVO - FONDO PENSIONE - PUNTALTO;CATTOLICA PREVIDENZA BILANCIATO;(1) (3);BIL;3,11;2,32;1,96;1,66
5060;Fondo PIP;GENERALI ITALIA S.P.A.;PIANO INDIVIDUALE PENSIONISTICO DI TIPO ASSICURATIVO - FONDO PENSIONE - PUNTALTO;CATTOLICA PREVIDENZA SICURO;(1) (2);GAR;2,90;2,10;1,74;1,44
5064;Fondo PIP;GENERALI ITALIA S.P.A.;CATTOLICA PREVIDENZA PROGETTO PENSIONE BIS - PIANO INDIVIDUALE PENSIONISTICO DI TIPO ASSICURATIVO - FONDO PENSIONE;EV STRATEGIA INTERNAZIONALE;(1);AZN;2,31;1,67;1,56;1,52
5064;Fondo PIP;GENERALI ITALIA S.P.A.;CATTOLICA PREVIDENZA PROGETTO PENSIONE BIS - PIANO INDIVIDUALE PENSIONISTICO DI TIPO ASSICURATIVO - FONDO PENSIONE;GESTIONE PREVIDENZA;(1) (2);GAR;2,31;1,67;1,56;1,52
5066;Fondo PIP;CRONOS VITA ASSICURAZIONI S.P.A.;NG - NUOVA GENERAZIONE - PIANO INDIVIDUALE PENSIONISTICO DI TIPO ASSICURATIVO - FONDO PENSIONE;NUOVO PPB;(1) (2);GAR;3,20;2,05;1,55;1,15
5068;Fondo PIP;COMPAGNIA ITALIANA DI PREVIDENZA, ASSICURAZIONI E RIASSICURAZIONI S.P.A.;DOMANI SICURO PLUS - PIANO INDIVIDUALE PENSIONISTICO DI TIPO ASSICURATIVO - FONDO PENSIONE;PREFIN FUTURO;(2) (4);GAR;4,60;2,95;2,18;1,53
5068;Fondo PIP;COMPAGNIA ITALIANA DI PREVIDENZA, ASSICURAZIONI E RIASSICURAZIONI S.P.A.;DOMANI SICURO PLUS - PIANO INDIVIDUALE PENSIONISTICO DI TIPO ASSICURATIVO - FONDO PENSIONE;PREVIDENZA FUTURO AGGRESSIVA;;AZN;5,26;3,62;2,86;2,21
5069;Fondo PIP;AXA ASSICURAZIONI S.P.A.;AXA PROGETTO PENSIONE PIU' - PIANO INDIVIDUALE PENSIONISTICO DI TIPO ASSICURATIVO - FONDO PENSIONE;AXA PREVIDENZA ASSOLUTO;(1);BIL;4,12;2,55;1,98;1,55
5069;Fondo PIP;AXA ASSICURAZIONI S.P.A.;AXA PROGETTO PENSIONE PIU' - PIANO INDIVIDUALE PENSIONISTICO DI TIPO ASSICURATIVO - FONDO PENSIONE;AXA PREVIDENZA EUROPA;(1);AZN;4,12;2,55;1,98;1,55
5069;Fondo PIP;AXA ASSICURAZIONI S.P.A.;AXA PROGETTO PENSIONE PIU' - PIANO INDIVIDUALE PENSIONISTICO DI TIPO ASSICURATIVO - FONDO PENSIONE;AXA PREVIDENZA INTERNAZIONALE;(1);AZN;4,12;2,55;1,98;1,55
5069;Fondo PIP;AXA ASSICURAZIONI S.P.A.;AXA PROGETTO PENSIONE PIU' - PIANO INDIVIDUALE PENSIONISTICO DI TIPO ASSICURATIVO - FONDO PENSIONE;GESTIRIV PREVIDENZA;(1) (2) (4);GAR;4,12;2,55;1,98;1,55
5072;Fondo PIP;SARA VITA S.P.A.;SARA MULTISTRATEGY PIP - PIANO INDIVIDUALE PENSIONISTICO DI TIPO ASSICURATIVO - FONDO PENSIONE;"FUTURO&amp;PREVIDENZA";(1) (2);GAR;4,57;3,13;2,58;2,16
5072;Fondo PIP;SARA VITA S.P.A.;SARA MULTISTRATEGY PIP - PIANO INDIVIDUALE PENSIONISTICO DI TIPO ASSICURATIVO - FONDO PENSIONE;SARA PREVIFUTURO  - COMPARTO AZIONARIO INTERNAZIONALE;(1) (3);AZN;4,79;3,28;2,70;2,25
5072;Fondo PIP;SARA VITA S.P.A.;SARA MULTISTRATEGY PIP - PIANO INDIVIDUALE PENSIONISTICO DI TIPO ASSICURATIVO - FONDO PENSIONE;SARA PREVIFUTURO  - COMPARTO OBBLIGAZIONARIO EUROPEO;(1);OBB;4,79;3,28;2,70;2,25
5073;Fondo PIP;SOCIETA' REALE MUTUA DI ASSICURAZIONI;CENTO STELLE TAXPLAN - PIANO INDIVIDUALE PENSIONISTICO DI TIPO ASSICURATIVO - FONDO PENSIONE;PREVIDENZA REALE;(2);GAR;4,61;3,06;2,35;1,75
5074;Fondo PIP;COMPAGNIA ITALIANA DI PREVIDENZA, ASSICURAZIONI E RIASSICURAZIONI S.P.A.;PLANNER - PIANO INDIVIDUALE PENSIONISTICO DI TIPO ASSICURATIVO - FONDO PENSIONE;ITALIANA LINEA PREVIDENZA;(2);GAR;4,61;3,06;2,35;1,75
5075;Fondo PIP;VERA VITA S.P.A.;VERA VITA PREVIDENZA - PIANO INDIVIDUALE PENSIONISTICO DI TIPO ASSICURATIVO - FONDO PENSIONE;POPOLARE VITA PREVIDENZA;(1) (2) (4);GAR;3,88;2,48;1,99;1,63
5075;Fondo PIP;VERA VITA S.P.A.;VERA VITA PREVIDENZA - PIANO INDIVIDUALE PENSIONISTICO DI TIPO ASSICURATIVO - FONDO PENSIONE;POPOLARE VITA VALUE;(1);AZN;4,18;2,78;2,29;1,93
5077;Fondo PIP;GENERTELLIFE S.P.A.;PENSIONLINE - PIANO INDIVIDUALE PENSIONISTICO DI TIPO ASSICURATIVO - FONDO PENSIONE;LVA AZIONARIO PREVIDENZA;;AZN;1,04;1,04;1,04;1,04
5077;Fondo PIP;GENERTELLIFE S.P.A.;PENSIONLINE - PIANO INDIVIDUALE PENSIONISTICO DI TIPO ASSICURATIVO - FONDO PENSIONE;PREVIDENZA CONCRETA;(2);GAR;1,40;1,40;1,40;1,40
5077;Fondo PIP;GENERTELLIFE S.P.A.;PENSIONLINE - PIANO INDIVIDUALE PENSIONISTICO DI TIPO ASSICURATIVO - FONDO PENSIONE;RIALTO PREVIDENZA;(2) (5);GAR;1,40;1,40;1,40;1,40
5079;Fondo PIP;HELVETIA VITA - COMPAGNIA ITALO SVIZZERA DI ASSICURAZIONI S.P.A.;HELVETIA AEQUA PIANO INDIVIDUALE PENSIONISTICO DI TIPO ASSICURATIVO - FONDO PENSIO;HELVETIA MULTIMANAGER EQUITY;;AZN;1,87;1,87;1,87;1,87
5079;Fondo PIP;HELVETIA VITA - COMPAGNIA ITALO SVIZZERA DI ASSICURAZIONI S.P.A.;HELVETIA AEQUA PIANO INDIVIDUALE PENSIONISTICO DI TIPO ASSICURATIVO - FONDO PENSIO;HELVETIA MULTIMANAGER FLESSIBILE;;BIL;1,56;1,56;1,56;1,56
5079;Fondo PIP;HELVETIA VITA - COMPAGNIA ITALO SVIZZERA DI ASSICURAZIONI S.P.A.;HELVETIA AEQUA PIANO INDIVIDUALE PENSIONISTICO DI TIPO ASSICURATIVO - FONDO PENSIO;HV PREVIREND;(2) (4);GAR;1,20;1,20;1,20;1,20
5080;Fondo PIP;GENERALI ITALIA S.P.A.;CATTOLICAPREVIDENZAPERLAPENSIONE - PIANO INDIVIDUALE PENSIONISTICO DI TIPO ASSICURATIVO - FONDO PENSIONE;EV STRATEGIA INTERNAZIONALE;(1);AZN;4,38;2,70;2,11;1,67
5080;Fondo PIP;GENERALI ITALIA S.P.A.;CATTOLICAPREVIDENZAPERLAPENSIONE - PIANO INDIVIDUALE PENSIONISTICO DI TIPO ASSICURATIVO - FONDO PENSIONE;GESTIONE PREVIDENZA;(1) (2);GAR;4,38;2,70;2,11;1,67
5081;Fondo PIP;VITTORIA ASSICURAZIONI S.P.A.;PIANO INDIVIDUALE PENSIONISTICO VITTORIA - PIANO INDIVIDUALE PENSIONISTICO DI TIPO ASSICURATIVO - FONDO PENSIONE;FONDO VITTORIA PREVIDENZA;(2) (4);GAR;3,76;2,33;1,78;1,35
5082;Fondo PIP;CRONOS VITA ASSICURAZIONI S.P.A.;EUROVITA FUTURO - PIANO INDIVIDUALE PENSIONISTICO DI TIPO ASSICURATIVO - FONDO PENSIONE;FUTURIV;(1) (2) (3);GAR;3,32;1,67;1,37;1,26
5083;Fondo PIP;INTESA SANPAOLO VITA S.P.A.;IL MIO FUTURO - PIANO INDIVIDUALE PENSIONISTICO DI TIPO ASSICURATIVO - FONDO PENSIONE;EV PREVI;(2) (4);GAR;3,43;2,21;1,80;1,50
5083;Fondo PIP;INTESA SANPAOLO VITA S.P.A.;IL MIO FUTURO - PIANO INDIVIDUALE PENSIONISTICO DI TIPO ASSICURATIVO - FONDO PENSIONE;LUNGO TERMINE;(3);BIL;3,74;2,52;2,12;1,81
5083;Fondo PIP;INTESA SANPAOLO VITA S.P.A.;IL MIO FUTURO - PIANO INDIVIDUALE PENSIONISTICO DI TIPO ASSICURATIVO - FONDO PENSIONE;MEDIO TERMINE;(3);BIL;3,44;2,22;1,81;1,51
5084;Fondo PIP;INTESA SANPAOLO VITA S.P.A.;BAPCRESCENDOPREVIDENTE - PIANO INDIVIDUALE PENSIONISTICO DI TIPO ASSICURATIVO - FONDO PENSIONE;BAP GESTIONE PREVIDENZA;(1) (2);GAR;2,80;1,94;1,74;1,63
5085;Fondo PIP;CNP UNICREDIT VITA S.P.A.;UNICREDIT PENSIONE PIP CNP - PIANO INDIVIDUALE PENSIONISTICO DI TIPO ASSICURATIVO - FONDO PENSIONE;CNP PREVIDENZA EQUITY;;AZN;3,95;3,10;2,71;2,38
5085;Fondo PIP;CNP UNICREDIT VITA S.P.A.;UNICREDIT PENSIONE PIP CNP - PIANO INDIVIDUALE PENSIONISTICO DI TIPO ASSICURATIVO - FONDO PENSIONE;SENIORVITA PREVIDENZIALE;(2);GAR;2,96;2,10;1,70;1,38
5086;Fondo PIP;UNICREDIT ALLIANZ VITA S.P.A.;UNICREDIT PREVIDENZA PIP CRV - PIANO INDIVIDUALE PENSIONISTICO DI TIPO ASSICURATIVO - FONDO PENSIONE;CREDITRAS PREVI;(2);GAR;2,96;2,10;1,70;1,38
5086;Fondo PIP;UNICREDIT ALLIANZ VITA S.P.A.;UNICREDIT PREVIDENZA PIP CRV - PIANO INDIVIDUALE PENSIONISTICO DI TIPO ASSICURATIVO - FONDO PENSIONE;CREDITRAS PREVIDENZA EQUITY;;AZN;3,95;3,10;2,71;2,38
5087;Fondo PIP;CNP VITA ASSICURA S.P.A.;UNICREDIT FUTURO PIP CNP - PIANO INDIVIDUALE PENSIONISTICO DI TIPO ASSICURATIVO - FONDO PENSIONE;CNP ASSICURAZIONE PREVIDENZA EQUITY;(1);AZN;3,95;3,10;2,71;2,38
5087;Fondo PIP;CNP VITA ASSICURA S.P.A.;UNICREDIT FUTURO PIP CNP - PIANO INDIVIDUALE PENSIONISTICO DI TIPO ASSICURATIVO - FONDO PENSIONE;GEPI;(1) (2);GAR;2,96;2,10;1,70;1,38
5088;Fondo PIP;VERA VITA S.P.A.;VERA VITA PENSIONE SICURA - PIANO INDIVIDUALE PENSIONISTICO DI TIPO ASSICURATIVO - FONDO PENSIONE;POPOLARE VITA BILANCIATO GLOBAL;;BIL;4,77;3,38;2,89;2,53
5088;Fondo PIP;VERA VITA S.P.A.;VERA VITA PENSIONE SICURA - PIANO INDIVIDUALE PENSIONISTICO DI TIPO ASSICURATIVO - FONDO PENSIONE;POPOLARE VITA PREVIDENZA;(2) (4);GAR;3,93;2,53;2,04;1,68
5088;Fondo PIP;VERA VITA S.P.A.;VERA VITA PENSIONE SICURA - PIANO INDIVIDUALE PENSIONISTICO DI TIPO ASSICURATIVO - FONDO PENSIONE;POPOLARE VITA PRUDENTE;;OBB;4,03;2,63;2,14;1,78
5088;Fondo PIP;VERA VITA S.P.A.;VERA VITA PENSIONE SICURA - PIANO INDIVIDUALE PENSIONISTICO DI TIPO ASSICURATIVO - FONDO PENSIONE;POPOLARE VITA VALUE;;AZN;4,18;2,78;2,29;1,93
5090;Fondo PIP;CARDIF VITA S.P.A.;BNL PIANOPENSIONE - PIANO INDIVIDUALE PENSIONISTICO DI TIPO ASSICURATIVO - FONDO PENSIONE;VALORPLUS;;AZN;3,82;2,23;1,81;1,55
5090;Fondo PIP;CARDIF VITA S.P.A.;BNL PIANOPENSIONE - PIANO INDIVIDUALE PENSIONISTICO DI TIPO ASSICURATIVO - FONDO PENSIONE;VALORPREVI;(2);GAR;3,72;2,13;1,70;1,52
5091;Fondo PIP;AXA ASSICURAZIONI S.P.A.;MIA PENSIONE - PIANO INDIVIDUALE PENSIONISTICO DI TIPO ASSICURATIVO - FONDO PENSIONE;GESTIRIV PREVIDENZA;(2) (4);GAR;4,57;2,82;2,17;1,68
5091;Fondo PIP;AXA ASSICURAZIONI S.P.A.;MIA PENSIONE - PIANO INDIVIDUALE PENSIONISTICO DI TIPO ASSICURATIVO - FONDO PENSIONE;PREVIDENZA EURO SMALL CAP;;AZN;5,26;3,52;2,88;2,38
5091;Fondo PIP;AXA ASSICURAZIONI S.P.A.;MIA PENSIONE - PIANO INDIVIDUALE PENSIONISTICO DI TIPO ASSICURATIVO - FONDO PENSIONE;PREVIDENZA MEGATREND;;AZN;5,26;3,52;2,88;2,38
5092;Fondo PIP;SARA VITA S.P.A.;LIBERO DOMANI - PIANO INDIVIDUALE PENSIONISTICO DI TIPO ASSICURATIVO - FONDO PENSIONE;"FUTURO&amp;PREVIDENZA";(2);GAR;4,07;2,50;1,93;1,50
5092;Fondo PIP;SARA VITA S.P.A.;LIBERO DOMANI - PIANO INDIVIDUALE PENSIONISTICO DI TIPO ASSICURATIVO - FONDO PENSIONE;SARA PREVIFUTURO  - COMPARTO AZIONARIO INTERNAZIONALE;(3);AZN;4,79;3,28;2,70;2,25
5092;Fondo PIP;SARA VITA S.P.A.;LIBERO DOMANI - PIANO INDIVIDUALE PENSIONISTICO DI TIPO ASSICURATIVO - FONDO PENSIONE;SARA PREVIFUTURO  - COMPARTO OBBLIGAZIONARIO EUROPEO;;OBB;4,79;3,28;2,70;2,25
5093;Fondo PIP;CRÉDIT AGRICOLE VITA S.P.A.;CRÉDIT AGRICOLE VITA PROGETTO PREVIDENZA - PIANO INDIVIDUALE PENSIONISTICO DI TIPO ASSICURATIVO - FONDO PENSIONE;CRÉDIT AGRICOLE VITA PREVIDENZA;(2);GAR;2,68;1,73;1,45;1,26
5093;Fondo PIP;CRÉDIT AGRICOLE VITA S.P.A.;CRÉDIT AGRICOLE VITA PROGETTO PREVIDENZA - PIANO INDIVIDUALE PENSIONISTICO DI TIPO ASSICURATIVO - FONDO PENSIONE;PROGETTO PREVIDENZA 2035;;BIL;3,58;2,63;2,35;2,16
5093;Fondo PIP;CRÉDIT AGRICOLE VITA S.P.A.;CRÉDIT AGRICOLE VITA PROGETTO PREVIDENZA - PIANO INDIVIDUALE PENSIONISTICO DI TIPO ASSICURATIVO - FONDO PENSIONE;PROGETTO PREVIDENZA 2040;;BIL;3,58;2,63;2,35;2,16
5093;Fondo PIP;CRÉDIT AGRICOLE VITA S.P.A.;CRÉDIT AGRICOLE VITA PROGETTO PREVIDENZA - PIANO INDIVIDUALE PENSIONISTICO DI TIPO ASSICURATIVO - FONDO PENSIONE;PROGETTO PREVIDENZA 2045;;BIL;3,58;2,63;2,35;2,16
5093;Fondo PIP;CRÉDIT AGRICOLE VITA S.P.A.;CRÉDIT AGRICOLE VITA PROGETTO PREVIDENZA - PIANO INDIVIDUALE PENSIONISTICO DI TIPO ASSICURATIVO - FONDO PENSIONE;PROGETTO PREVIDENZA 2025;(5);BIL;3,58;2,63;2,35;2,16
5093;Fondo PIP;CRÉDIT AGRICOLE VITA S.P.A.;CRÉDIT AGRICOLE VITA PROGETTO PREVIDENZA - PIANO INDIVIDUALE PENSIONISTICO DI TIPO ASSICURATIVO - FONDO PENSIONE;PROGETTO PREVIDENZA 2030;(5);BIL;3,58;2,63;2,35;2,16
5094;Fondo PIP;ALLIANZ S.P.A.;ORIZZONTE PREVIDENZA - PIANO INDIVIDUALE PENSIONISTICO DI TIPO ASSICURATIVO - FONDO PENSIONE;AZIONARIO GLOBALE;;AZN;3,16;2,63;2,53;2,50
5094;Fondo PIP;ALLIANZ S.P.A.;ORIZZONTE PREVIDENZA - PIANO INDIVIDUALE PENSIONISTICO DI TIPO ASSICURATIVO - FONDO PENSIONE;BILANCIATO;;BIL;2,96;2,43;2,33;2,30
5094;Fondo PIP;ALLIANZ S.P.A.;ORIZZONTE PREVIDENZA - PIANO INDIVIDUALE PENSIONISTICO DI TIPO ASSICURATIVO - FONDO PENSIONE;FORMULA ATTIVA;;BIL;3,16;2,63;2,53;2,50
5094;Fondo PIP;ALLIANZ S.P.A.;ORIZZONTE PREVIDENZA - PIANO INDIVIDUALE PENSIONISTICO DI TIPO ASSICURATIVO - FONDO PENSIONE;FORMULA EQUILIBRATA;;BIL;2,96;2,43;2,33;2,30
5094;Fondo PIP;ALLIANZ S.P.A.;ORIZZONTE PREVIDENZA - PIANO INDIVIDUALE PENSIONISTICO DI TIPO ASSICURATIVO - FONDO PENSIONE;FORMULA MODERATA;;BIL;2,66;2,13;2,03;2,00
5094;Fondo PIP;ALLIANZ S.P.A.;ORIZZONTE PREVIDENZA - PIANO INDIVIDUALE PENSIONISTICO DI TIPO ASSICURATIVO - FONDO PENSIONE;FORMULA SERENA;;BIL;2,16;1,62;1,53;1,50
5094;Fondo PIP;ALLIANZ S.P.A.;ORIZZONTE PREVIDENZA - PIANO INDIVIDUALE PENSIONISTICO DI TIPO ASSICURATIVO - FONDO PENSIONE;FORMULA SICURA;(2);GAR;2,16;1,62;1,53;1,50
5094;Fondo PIP;ALLIANZ S.P.A.;ORIZZONTE PREVIDENZA - PIANO INDIVIDUALE PENSIONISTICO DI TIPO ASSICURATIVO - FONDO PENSIONE;OBBLIGAZIONARIO;;OBB;2,46;1,93;1,83;1,80
5096;Fondo PIP;CRONOS VITA ASSICURAZIONI S.P.A.;EUROVITA PENSIONE DOMANI - PIANO INDIVIDUALE PENSIONISTICO DI TIPO ASSICURATIVO - FONDO PENSIONE;EUROVITA AZIONE PIU';(1);AZN;5,07;3,59;2,94;2,41
5096;Fondo PIP;CRONOS VITA ASSICURAZIONI S.P.A.;EUROVITA PENSIONE DOMANI - PIANO INDIVIDUALE PENSIONISTICO DI TIPO ASSICURATIVO - FONDO PENSIONE;NUOVO PPB;(1)(2);GAR;4,24;2,76;2,10;1,56
5097;Fondo PIP;CNP VITA ASSICURA S.P.A.;CNP VALORE INTEGRATIVO - PIANO INDIVIDUALE PENSIONISTICO DI TIPO ASSICURATIVO - FONDO PENSIONE;CNP ASSICURAZIONE PREVIDENZA EQUITY;(1);AZN;5,33;3,64;2,96;2,41
5097;Fondo PIP;CNP VITA ASSICURA S.P.A.;CNP VALORE INTEGRATIVO - PIANO INDIVIDUALE PENSIONISTICO DI TIPO ASSICURATIVO - FONDO PENSIONE;CNP PIP AZIONARIO;(1);AZN;5,14;3,45;2,76;2,21
5097;Fondo PIP;CNP VITA ASSICURA S.P.A.;CNP VALORE INTEGRATIVO - PIANO INDIVIDUALE PENSIONISTICO DI TIPO ASSICURATIVO - FONDO PENSIONE;CNP PIP BILANCIATO;(1);BIL;4,99;3,30;2,61;2,06
5097;Fondo PIP;CNP VITA ASSICURA S.P.A.;CNP VALORE INTEGRATIVO - PIANO INDIVIDUALE PENSIONISTICO DI TIPO ASSICURATIVO - FONDO PENSIONE;CNP PIP FLESSIBILE;(1);BIL;4,84;3,15;2,46;1,91
5097;Fondo PIP;CNP VITA ASSICURA S.P.A.;CNP VALORE INTEGRATIVO - PIANO INDIVIDUALE PENSIONISTICO DI TIPO ASSICURATIVO - FONDO PENSIONE;CNP PIP OBBLIGAZIONARIO;(1);OBB;4,65;2,95;2,25;1,71
5097;Fondo PIP;CNP VITA ASSICURA S.P.A.;CNP VALORE INTEGRATIVO - PIANO INDIVIDUALE PENSIONISTICO DI TIPO ASSICURATIVO - FONDO PENSIONE;GEPI;(1) (2);GAR;4,35;2,65;1,95;1,40
5098;Fondo PIP;CREDEMVITA S.PA.;CREDEMVITA FUTURA;AZIONARIO;;AZN;3,86;2,85;2,48;2,20
5098;Fondo PIP;CREDEMVITA S.PA.;CREDEMVITA FUTURA;BILANCIATO;;BIL;3,71;2,70;2,33;2,05
5098;Fondo PIP;CREDEMVITA S.PA.;CREDEMVITA FUTURA;FLESSIBILE;;BIL;3,56;2,55;2,18;1,90
5098;Fondo PIP;CREDEMVITA S.PA.;CREDEMVITA FUTURA;OBBLIGAZIONARIO;;OBB;3,36;2,35;1,98;1,70
5099;Fondo PIP;UNIPOLSAI ASSICURAZIONI S.P.A.;UNIPOLSAI PREVIDENZA FUTURA - PIANO INDIVIDUALE PENSIONISTICO DI TIPO ASSICURATIVO - FONDO PENSIONE;PREVIATTIVA UNIPOLSAI;(2);GAR;4,25;2,87;2,23;1,71
5099;Fondo PIP;UNIPOLSAI ASSICURAZIONI S.P.A.;UNIPOLSAI PREVIDENZA FUTURA - PIANO INDIVIDUALE PENSIONISTICO DI TIPO ASSICURATIVO - FONDO PENSIONE;PREVIGLOBALE;;AZN;4,54;3,17;2,54;2,01
5101;Fondo PIP;ALLIANZ GLOBAL LIFE DAC;PIANO PENSIONE MONEYFARM - PIANO INDIVIDUALE PENSIONISTICO DI TIPO ASSICURATIVO - FONDO PENSIONE;MFM LINEA AZIONARIA;;BIL;1,62;1,48;1,42;1,37
5101;Fondo PIP;ALLIANZ GLOBAL LIFE DAC;PIANO PENSIONE MONEYFARM - PIANO INDIVIDUALE PENSIONISTICO DI TIPO ASSICURATIVO - FONDO PENSIONE;MFM LINEA BILANCIATA;;BIL;1,62;1,48;1,42;1,37
5101;Fondo PIP;ALLIANZ GLOBAL LIFE DAC;PIANO PENSIONE MONEYFARM - PIANO INDIVIDUALE PENSIONISTICO DI TIPO ASSICURATIVO - FONDO PENSIONE;MFM LINEA FUTURO;;BIL;1,62;1,48;1,42;1,37
5101;Fondo PIP;ALLIANZ GLOBAL LIFE DAC;PIANO PENSIONE MONEYFARM - PIANO INDIVIDUALE PENSIONISTICO DI TIPO ASSICURATIVO - FONDO PENSIONE;MFM LINEA MODERATA;;BIL;1,62;1,48;1,42;1,37
5101;Fondo PIP;ALLIANZ GLOBAL LIFE DAC;PIANO PENSIONE MONEYFARM - PIANO INDIVIDUALE PENSIONISTICO DI TIPO ASSICURATIVO - FONDO PENSIONE;MFM LINEA ORIZZONTE;;BIL;1,62;1,48;1,42;1,37
5101;Fondo PIP;ALLIANZ GLOBAL LIFE DAC;PIANO PENSIONE MONEYFARM - PIANO INDIVIDUALE PENSIONISTICO DI TIPO ASSICURATIVO - FONDO PENSIONE;MFM LINEA PRUDENTE;;BIL;1,62;1,48;1,42;1,37
5102;Fondo PIP;GENERALI ITALIA S.P.A.;GENERAZIONE PREVIDENTE - PIANO INDIVIDUALE PENSIONISTICO DI TIPO ASSICURATIVO - FONDO PENSIONE;A.G. EUROPEAN EQUITY;(5);AZN;6,00;4,08;3,18;2,43
5102;Fondo PIP;GENERALI ITALIA S.P.A.;GENERAZIONE PREVIDENTE - PIANO INDIVIDUALE PENSIONISTICO DI TIPO ASSICURATIVO - FONDO PENSIONE;GENERALI AZIONE SOSTENIBILE;;AZN;5,85;3,92;3,03;2,27
5102;Fondo PIP;GENERALI ITALIA S.P.A.;GENERAZIONE PREVIDENTE - PIANO INDIVIDUALE PENSIONISTICO DI TIPO ASSICURATIVO - FONDO PENSIONE;GENERALI OBIETTIVO PROTEZIONE;;BIL;5,40;3,46;2,55;1,80
5102;Fondo PIP;GENERALI ITALIA S.P.A.;GENERAZIONE PREVIDENTE - PIANO INDIVIDUALE PENSIONISTICO DI TIPO ASSICURATIVO - FONDO PENSIONE;GENERALI SCELTA SOSTENIBILE;;BIL;5,60;3,66;2,76;2,01
5102;Fondo PIP;GENERALI ITALIA S.P.A.;GENERAZIONE PREVIDENTE - PIANO INDIVIDUALE PENSIONISTICO DI TIPO ASSICURATIVO - FONDO PENSIONE;GESAV GLOBAL;;GAR;5,20;3,25;2,35;1,59
5102;Fondo PIP;GENERALI ITALIA S.P.A.;GENERAZIONE PREVIDENTE - PIANO INDIVIDUALE PENSIONISTICO DI TIPO ASSICURATIVO - FONDO PENSIONE;GLOBAL MULTI ASSET;;BIL;4,95;2,99;2,08;1,33
5103;Fondo PIP;ATHORA ITALIA S.P.A.;ATHORA FUTURO PREVIDENZA - PIANO INDIVIDUALE PENSIONISTICO DI TIPO ASSICURATIVO - FONDO PENSIONE;ATHORA FUTURO AZIONARIO;;AZN;4,21;3,03;2,58;2,23
5103;Fondo PIP;ATHORA ITALIA S.P.A.;ATHORA FUTURO PREVIDENZA - PIANO INDIVIDUALE PENSIONISTICO DI TIPO ASSICURATIVO - FONDO PENSIONE;ATHORA FUTURO FLESSIBILE;;BIL;3,91;2,73;2,28;1,93
5103;Fondo PIP;ATHORA ITALIA S.P.A.;ATHORA FUTURO PREVIDENZA - PIANO INDIVIDUALE PENSIONISTICO DI TIPO ASSICURATIVO - FONDO PENSIONE;ATHORA ITALIA - LINEA VALORE;(2);GAR;3,41;2,22;1,76;1,42
5104;Fondo PIP;NOBIS VITA S.P.A.;PENSIONE FUTURA - PIANO INDIVIDUALE PENSIONISTICO DI TIPO ASSICURATIVO - FONDO PENSIONE;PENSIONE FUTURA           LINEA DINAMICA;;AZN;4,69;3,13;2,56;2,13
5104;Fondo PIP;NOBIS VITA S.P.A.;PENSIONE FUTURA - PIANO INDIVIDUALE PENSIONISTICO DI TIPO ASSICURATIVO - FONDO PENSIONE;PENSIONE FUTURA          LINEA GARANTITA;(2);GAR;4,02;2,45;1,88;1,45