id;type;company;name;branch;note;category;isc_2;isc_5;isc_10;isc_35;col2;yield_3;yield_5;yield_1;note2;yield_10;yield_20
1;Fondo negoziale;;FONDO PENSIONE FONCHIM;CRESCITA;(2);AZN;0,82;0,44;0,27;0,14;;2,89;4,60;10,60;;4,04;4,17
1;Fondo negoziale;;FONDO PENSIONE FONCHIM;GARANTITO;(1);GAR;1,23;0,85;0,69;0,56;;0,88;0,96;3,20;;0,69;
1;Fondo negoziale;;FONDO PENSIONE FONCHIM;STABILITÀ;(2);OBB;0,81;0,43;0,27;0,14;;0,74;2,52;7,23;;2,56;3,10
10;Fondo aperto;INTESA SANPAOLO VITA SPA;FONDO PENSIONE APERTO PREVID-SYSTEM;ACCUMULAZIONE BILANCIATA;(4);BIL;1,91;1,34;1,18;1,09;;1,28;3,70;8,40;(5);3,19;3,30
10;Fondo aperto;INTESA SANPAOLO VITA SPA;FONDO PENSIONE APERTO PREVID-SYSTEM;CRESCITA DINAMICA;(4);OBB;1,76;1,19;1,03;0,94;;-1,47;0,70;4,78;(5);1,22;1,96
10;Fondo aperto;INTESA SANPAOLO VITA SPA;FONDO PENSIONE APERTO PREVID-SYSTEM;CRESCITA PRUDENTE;(4);OBB;1,66;1,09;0,93;0,84;;-1,68;-0,10;3,18;(5);0,59;1,48
10;Fondo aperto;INTESA SANPAOLO VITA SPA;FONDO PENSIONE APERTO PREVID-SYSTEM;RIVALUTAZIONE AZIONARIA;(4);AZN;2,21;1,64;1,48;1,39;;3,93;6,55;11,58;(5);4,95;4,24
10;Fondo aperto;INTESA SANPAOLO VITA SPA;FONDO PENSIONE APERTO PREVID-SYSTEM;TFR+;(3) (4);GAR;1,66;1,09;0,93;0,84;;-0,29;0,32;4,41;(4) (5);0,05;1,11
100;Fondo negoziale;;FONDO PENSIONE PEGASO;BILANCIATO;(2);BIL;0,98;0,64;0,51;0,40;;0,62;2,44;6,12;;2,67;3,49
100;Fondo negoziale;;FONDO PENSIONE PEGASO;DINAMICO;(2);BIL;0,97;0,64;0,50;0,39;;0,96;4,01;7,74;;3,75;
100;Fondo negoziale;;FONDO PENSIONE PEGASO;GARANTITO;(1);GAR;1,23;0,90;0,76;0,65;;0,97;1,09;3,35;;0,73;
103;Fondo negoziale;;FONDO PENSIONE TELEMACO;BILANCIATO (YELLOW);;BIL;0,94;0,61;0,47;0,36;;1,55;3,88;7,60;;3,50;
103;Fondo negoziale;;FONDO PENSIONE TELEMACO;GARANTITO  (WHITE);(1);GAR;0,97;0,64;0,50;0,39;;-0,86;0,54;5,79;;0,96;
103;Fondo negoziale;;FONDO PENSIONE TELEMACO;PRUDENTE (GREEN);;OBB;0,86;0,52;0,39;0,28;;0,25;2,43;6,28;;2,55;
106;Fondo negoziale;;FONDO PENSIONE ARCO;BILANCIATO DINAMICO;;BIL;1,26;0,58;0,37;0,22;;1,85;4,42;9,46;;3,91;
106;Fondo negoziale;;FONDO PENSIONE ARCO;BILANCIATO PRUDENTE;;BIL;1,27;0,60;0,39;0,24;;0,91;2,81;7,14;;2,93;3,39
106;Fondo negoziale;;FONDO PENSIONE ARCO;GARANTITO;(1);GAR;1,31;0,64;0,43;0,29;;-0,91;0,22;5,25;;0,44;
107;Fondo negoziale;;FONDO PENSIONE FONCER;BILANCIATO;(2);BIL;1,35;0,78;0,56;0,39;;1,30;2,94;6,90;;3,08;
107;Fondo negoziale;;FONDO PENSIONE FONCER;DINAMICO;;AZN;1,20;0,63;0,41;0,25;;2,78;5,56;8,54;;4,83;
107;Fondo negoziale;;FONDO PENSIONE FONCER;GARANTITO;(1);GAR;1,72;1,15;0,93;0,77;;0,44;0,55;4,43;;0,40;
111;Fondo aperto;HDI ASSICURAZIONI SPA;AZIONE DI PREVIDENZA - FONDO PENSIONE APERTO;DINAMICA;;AZN;2,81;2,16;1,97;1,84;;5,28;6,36;10,54;;4,61;3,59
111;Fondo aperto;HDI ASSICURAZIONI SPA;AZIONE DI PREVIDENZA - FONDO PENSIONE APERTO;EQUILIBRATA;;BIL;2,41;1,76;1,57;1,44;;0,71;3,12;7,84;;2,83;3,47
111;Fondo aperto;HDI ASSICURAZIONI SPA;AZIONE DI PREVIDENZA - FONDO PENSIONE APERTO;GARANTITA;(3);GAR;1,71;1,06;0,86;0,74;;-1,37;1,11;5,12;(4);1,80;
111;Fondo aperto;HDI ASSICURAZIONI SPA;AZIONE DI PREVIDENZA - FONDO PENSIONE APERTO;PRUDENTE;;OBB;2,01;1,36;1,17;1,04;;-1,81;0,49;5,04;;1,34;2,25
115;Fondo aperto;CNP VITA ASSICURA SPA;FONDO PENSIONE APERTO CNP;AZIONARIO;;BIL;1,88;1,54;1,38;1,25;;2,53;4,81;8,15;;4,06;3,93
115;Fondo aperto;CNP VITA ASSICURA SPA;FONDO PENSIONE APERTO CNP;BILANCIATO;;BIL;1,68;1,34;1,18;1,05;;-1,03;1,87;6,63;;2,57;3,04
115;Fondo aperto;CNP VITA ASSICURA SPA;FONDO PENSIONE APERTO CNP;GARANZIA DI RENDIMENTO MIN.;(3) (7);GAR;1,98;1,64;1,48;1,35;;-1,45;0,68;3,34;(1) (4);1,63;1,81
115;Fondo aperto;CNP VITA ASSICURA SPA;FONDO PENSIONE APERTO CNP;GARANZIA RESTITUZIONE CAPITALE;(3);GAR;1,78;1,44;1,28;1,15;;-1,30;0,83;3,54;(4);1,86;2,32
115;Fondo aperto;CNP VITA ASSICURA SPA;FONDO PENSIONE APERTO CNP;OBBLIGAZIONARIO;;OBB;1,59;1,24;1,08;0,95;;-2,52;0,55;5,74;;1,98;2,57
116;Fondo negoziale;;FONDO PENSIONE FONDAPI;CRESCITA;;BIL;0,87;0,51;0,36;0,24;;2,94;5,20;11,35;;4,88;
116;Fondo negoziale;;FONDO PENSIONE FONDAPI;GARANZIA;(1);GAR;1,32;0,95;0,80;0,68;;-0,24;0,80;4,14;;1,11;
116;Fondo negoziale;;FONDO PENSIONE FONDAPI;PRUDENTE;;OBB;0,86;0,50;0,34;0,22;;0,58;2,99;7,76;;3,34;
117;Fondo negoziale;;FONDO PENSIONE PREVIMODA;GARANTITO;(1);GAR;1,45;1,08;0,94;0,82;;-1,51;-0,71;4,27;;0,23;
117;Fondo negoziale;;FONDO PENSIONE PREVIMODA;RUBINO AZIONARIO;;AZN;0,95;0,59;0,44;0,32;;2,02;5,02;8,02;;4,49;
117;Fondo negoziale;;FONDO PENSIONE PREVIMODA;SMERALDO BILANCIATO;;BIL;0,92;0,56;0,41;0,29;;1,10;3,17;6,02;;3,01;
118;Fondo aperto;ALLIANZ SPA;INSIEME - FONDO PENSIONE APERTO A CONTRIBUZIONE DEFINITA;LINEA AZIONARIA;;AZN;0,80;0,80;0,80;0,80;;5,49;7,66;15,25;;6,69;5,29
118;Fondo aperto;ALLIANZ SPA;INSIEME - FONDO PENSIONE APERTO A CONTRIBUZIONE DEFINITA;LINEA BILANCIATA;;AZN;0,75;0,75;0,75;0,75;;2,01;3,80;10,18;;3,69;3,72
118;Fondo aperto;ALLIANZ SPA;INSIEME - FONDO PENSIONE APERTO A CONTRIBUZIONE DEFINITA;LINEA FLESSIBILE;(3);GAR;0,60;0,60;0,60;0,60;;-4,23;-0,67;7,22;(4);0,03;1,04
118;Fondo aperto;ALLIANZ SPA;INSIEME - FONDO PENSIONE APERTO A CONTRIBUZIONE DEFINITA;LINEA MULTIASSET;;BIL;3,03;1,50;1,10;0,87;;-0,79;1,00;6,49;;;
118;Fondo aperto;ALLIANZ SPA;INSIEME - FONDO PENSIONE APERTO A CONTRIBUZIONE DEFINITA;LINEA OBBLIGAZIONARIA;;OBB;0,70;0,70;0,70;0,70;;-1,10;0,12;5,69;;0,78;1,96
118;Fondo aperto;ALLIANZ SPA;INSIEME - FONDO PENSIONE APERTO A CONTRIBUZIONE DEFINITA;LINEA OBBLIGAZIONARIA BREVE TERMINE;;OBB;0,55;0,55;0,55;0,55;;-0,81;-0,58;2,93;;;
118;Fondo aperto;ALLIANZ SPA;INSIEME - FONDO PENSIONE APERTO A CONTRIBUZIONE DEFINITA;LINEA OBBLIGAZIONARIA LUNGO TERMINE;;OBB;0,70;0,70;0,70;0,70;;-2,68;-0,96;5,02;;;
120;Fondo aperto;BIM VITA SPA;FONDO PENSIONE APERTO BIM VITA;BILANCIATA  GLOBALE;;BIL;2,25;1,71;1,60;1,56;;4,92;4,42;13,36;;2,78;2,56
120;Fondo aperto;BIM VITA SPA;FONDO PENSIONE APERTO BIM VITA;BOND;;OBB;1,73;1,18;1,08;1,04;;-2,41;-0,78;4,89;;0,19;1,76
120;Fondo aperto;BIM VITA SPA;FONDO PENSIONE APERTO BIM VITA;EQUILIBRIO;(3);GAR;2,15;1,60;1,50;1,46;;-1,01;0,52;6,69;(4);0,90;1,99
120;Fondo aperto;BIM VITA SPA;FONDO PENSIONE APERTO BIM VITA;EQUITY;;AZN;2,56;2,02;1,91;1,87;;8,19;6,76;20,78;;3,99;3,62
122;Fondo negoziale;;FONDO PENSIONE CONCRETO;BILANCIATO;;OBB;1,04;0,62;0,43;0,27;;0,40;2,43;6,40;;2,34;3,36
122;Fondo negoziale;;FONDO PENSIONE CONCRETO;GARANTITO;(1);GAR;1,23;0,81;0,62;0,46;;-1,12;0,29;5,45;;0,26;
123;Fondo negoziale;;FONDO PENSIONE FON.TE.;CONSERVATIVO;(1);GAR;1,86;1,20;1,00;0,86;;-1,47;-0,52;4,03;;0,37;
123;Fondo negoziale;;FONDO PENSIONE FON.TE.;CRESCITA;;BIL;1,17;0,50;0,30;0,16;;0,45;3,36;7,89;;3,58;
123;Fondo negoziale;;FONDO PENSIONE FON.TE.;DINAMICO;;AZN;1,17;0,50;0,30;0,16;;2,86;5,21;10,19;;4,97;
123;Fondo negoziale;;FONDO PENSIONE FON.TE.;SVILUPPO;;OBB;1,16;0,49;0,29;0,15;;0,27;2,27;6,92;;2,34;
124;Fondo negoziale;;FONDO PENSIONE BYBLOS;BILANCIATO;;BIL;1,28;0,69;0,50;0,37;;0,76;3,02;6,45;;3,04;
124;Fondo negoziale;;FONDO PENSIONE BYBLOS;DINAMICO;;AZN;1,15;0,57;0,38;0,24;;2,95;6,00;10,69;;4,58;
124;Fondo negoziale;;FONDO PENSIONE BYBLOS;GARANTITO;(1);GAR;1,73;1,15;0,96;0,82;;-0,89;-0,17;2,64;;1,40;
125;Fondo negoziale;;FONDO PENSIONE FONDO GOMMA PLASTICA;BILANCIATO;;BIL;1,18;0,62;0,43;0,30;;-0,04;2,75;6,46;;2,90;
125;Fondo negoziale;;FONDO PENSIONE FONDO GOMMA PLASTICA;CONSERVATIVO CON GARANZIA;(1);GAR;1,58;1,02;0,84;0,71;;0,47;0,73;4,45;;0,58;
125;Fondo negoziale;;FONDO PENSIONE FONDO GOMMA PLASTICA;DINAMICO;;AZN;1,06;0,50;0,31;0,18;;1,87;4,81;8,12;;4,52;
126;Fondo negoziale;;FONDO PENSIONE MEDIAFOND;COMPARTO AZIONARIO;;AZN;1,04;0,70;0,55;0,42;;4,61;8,33;10,64;;6,68;
126;Fondo negoziale;;FONDO PENSIONE MEDIAFOND;COMPARTO GARANTITO;(1);GAR;1,24;0,91;0,76;0,63;;-0,22;0,81;4,87;;0,68;
126;Fondo negoziale;;FONDO PENSIONE MEDIAFOND;COMPARTO OBBLIGAZIONARIO;;OBB;0,98;0,65;0,49;0,37;;-1,76;0,33;4,46;;1,27;
127;Fondo negoziale;;PREVAER - FONDO PENSIONE;LINEA CRESCITA;(2);BIL;1,08;0,58;0,40;0,27;;0,79;3,10;7,89;;3,20;
127;Fondo negoziale;;PREVAER - FONDO PENSIONE;LINEA DINAMICA;(2);BIL;1,08;0,58;0,40;0,27;;2,14;4,72;9,91;;4,44;
127;Fondo negoziale;;PREVAER - FONDO PENSIONE;LINEA GARANTITA;(1);GAR;1,40;0,91;0,72;0,59;;1,21;1,32;4,49;;0,81;
127;Fondo negoziale;;PREVAER - FONDO PENSIONE;LINEA PRUDENTE;(2);OBB;1,06;0,56;0,38;0,24;;-2,03;0,41;5,57;;1,43;
129;Fondo negoziale;;FONDO PENSIONE EUROFER;BILANCIATO;(2);BIL;0,81;0,41;0,30;0,23;;0,69;2,77;7,41;;3,08;
129;Fondo negoziale;;FONDO PENSIONE EUROFER;DINAMICO;(2);AZN;0,74;0,34;0,23;0,16;;1,99;5,03;10,52;;4,87;
129;Fondo negoziale;;FONDO PENSIONE EUROFER;GARANTITO;(1);GAR;1,17;0,78;0,67;0,59;;-0,10;0,66;4,29;;0,60;
136;Fondo negoziale;;FONDO PENSIONE PREVEDI;BILANCIATO;(2);BIL;0,34;0,22;0,18;0,15;;0,82;3,22;8,22;;3,41;
136;Fondo negoziale;;FONDO PENSIONE PREVEDI;SICUREZZA;(1);GAR;0,41;0,30;0,26;0,23;;-1,02;0,71;4,53;;0,64;
139;Fondo negoziale;;FONDO PENSIONE PRIAMO;BILANCIATO PRUDENZA;(2);OBB;1,41;0,57;0,35;0,22;;1,28;2,10;6,89;;2,24;
139;Fondo negoziale;;FONDO PENSIONE PRIAMO;BILANCIATO SVILUPPO;(2);BIL;1,43;0,59;0,37;0,24;;1,03;3,40;8,43;;3,21;
139;Fondo negoziale;;FONDO PENSIONE PRIAMO;GARANTITO PROTEZIONE;(1);GAR;1,73;0,89;0,67;0,55;;0,92;0,98;3,79;;0,87;
142;;;FONDO PENSIONE FONDEMAIN;DINAMICO;;AZN;;;;;;1,01;4,62;8,22;;3,93;
142;Fondo negoziale;;FONDO PENSIONE FONDEMAIN;DINAMICO  - Lavoratori autonomi;;AZN;0,85;0,40;0,26;0,17;;;;;;;
142;Fondo negoziale;;FONDO PENSIONE FONDEMAIN;DINAMICO  - Lavoratori dipendenti;;AZN;0,79;0,39;0,26;0,17;;;;;;;
142;;;FONDO PENSIONE FONDEMAIN;GARANTITO;;GAR;;;;;;0,99;0,97;3,56;;1,09;
142;Fondo negoziale;;FONDO PENSIONE FONDEMAIN;GARANTITO - Lavoratori autonomi;(1);GAR;1,21;0,77;0,63;0,53;;;;;;;
142;Fondo negoziale;;FONDO PENSIONE FONDEMAIN;GARANTITO - Lavoratori dipendenti;(1);GAR;1,15;0,76;0,62;0,53;;;;;;;
142;;;FONDO PENSIONE FONDEMAIN;PRUDENTE;;OBB MISTO;;;;;;0,11;2,90;7,34;;2,47;
142;Fondo negoziale;;FONDO PENSIONE FONDEMAIN;PRUDENTE - Lavoratori autonomi;;OBB;0,85;0,40;0,26;0,17;;;;;;;
142;Fondo negoziale;;FONDO PENSIONE FONDEMAIN;PRUDENTE - Lavoratori dipendenti;;OBB;0,79;0,39;0,26;0,17;;;;;;;
143;Fondo negoziale;;FONDO PENSIONE FONDOPOSTE;BILANCIATO;(2);BIL;0,62;0,45;0,39;0,35;;-0,16;2,82;6,30;;3,27;
143;Fondo negoziale;;FONDO PENSIONE FONDOPOSTE;GARANTITO;(1);GAR;0,68;0,52;0,46;0,41;;-0,64;0,72;5,77;;0,96;
145;Fondo negoziale;;FONDO PENSIONE FONDO SCUOLA ESPERO;CRESCITA;;BIL;0,78;0,43;0,30;0,20;;1,21;3,12;6,86;;2,88;
145;Fondo negoziale;;FONDO PENSIONE FONDO SCUOLA ESPERO;GARANZIA;(1);GAR;0,94;0,60;0,47;0,37;;-1,12;0,33;5,35;;0,35;
147;Fondo aperto;EUREGIO PLUS SGR SPA;FONDO PENSIONE APERTO PENSPLAN PROFI;ETHICAL LIFE BALANCED GROWTH;;OBB;2,14;1,42;1,21;1,08;;-1,04;1,00;6,28;;;
147;Fondo aperto;EUREGIO PLUS SGR SPA;FONDO PENSIONE APERTO PENSPLAN PROFI;ETHICAL LIFE CONSERVATIVE;;OBB;1,93;1,21;1,01;0,87;;-2,59;-0,42;5,39;;;
147;Fondo aperto;EUREGIO PLUS SGR SPA;FONDO PENSIONE APERTO PENSPLAN PROFI;ETHICAL LIFE GROWTH;;BIL;2,24;1,52;1,32;1,19;;0,61;2,40;7,23;;;
147;Fondo aperto;EUREGIO PLUS SGR SPA;FONDO PENSIONE APERTO PENSPLAN PROFI;ETHICAL LIFE HIGH GROWTH;;AZN;2,50;1,78;1,58;1,45;;2,10;3,54;7,96;;;
147;Fondo aperto;EUREGIO PLUS SGR SPA;FONDO PENSIONE APERTO PENSPLAN PROFI;ETHICAL LIFE SHORT TERM;;OBB;1,83;1,11;0,90;0,77;;-0,26;-0,40;2,08;;;
148;Fondo negoziale;;ASTRI - FONDO PENSIONE;BILANCIATO;;BIL;0,84;0,42;0,28;0,17;;-0,03;2,63;7,00;;3,02;
148;Fondo negoziale;;ASTRI - FONDO PENSIONE;GARANTITO;(1);GAR;1,20;0,79;0,64;0,54;;1,11;1,11;3,73;;0,79;
149;Fondo aperto;CASSA CENTRALE RAIFFEISEN DELL’ALTO ADIGE SPA;RAIFFEISEN FONDO PENSIONE APERTO;ACTIVITY;;BIL;2,13;1,46;1,30;1,22;;-1,97;1,23;6,04;;1,74;
149;Fondo aperto;CASSA CENTRALE RAIFFEISEN DELL’ALTO ADIGE SPA;RAIFFEISEN FONDO PENSIONE APERTO;DYNAMIC;;BIL;2,33;1,66;1,51;1,42;;3,01;4,79;8,24;;3,24;
149;Fondo aperto;CASSA CENTRALE RAIFFEISEN DELL’ALTO ADIGE SPA;RAIFFEISEN FONDO PENSIONE APERTO;GUARANTY;(3);GAR;2,07;1,40;1,25;1,16;;-0,32;;1,88;(4);;
149;Fondo aperto;CASSA CENTRALE RAIFFEISEN DELL’ALTO ADIGE SPA;RAIFFEISEN FONDO PENSIONE APERTO;SAFE;;OBB;1,92;1,25;1,09;1,01;;-4,10;-1,68;4,80;;0,15;
150;Fondo aperto;ASSIMOCO VITA - COMPAGNIA DI ASSICURAZIONI SULLA VITA SPA;FONDO PENSIONE APERTO IL MELOGRANO;DINAMICA;;AZN;2,41;1,70;1,53;1,43;;3,90;5,81;8,33;;3,82;
150;Fondo aperto;ASSIMOCO VITA - COMPAGNIA DI ASSICURAZIONI SULLA VITA SPA;FONDO PENSIONE APERTO IL MELOGRANO;EQUILIBRATA;;BIL;2,12;1,40;1,23;1,13;;2,01;3,30;7,71;;2,56;
150;Fondo aperto;ASSIMOCO VITA - COMPAGNIA DI ASSICURAZIONI SULLA VITA SPA;FONDO PENSIONE APERTO IL MELOGRANO;GARANTITA;(3);GAR;2,22;1,50;1,33;1,23;;-1,70;0,17;5,00;(4);0,80;
150;Fondo aperto;ASSIMOCO VITA - COMPAGNIA DI ASSICURAZIONI SULLA VITA SPA;FONDO PENSIONE APERTO IL MELOGRANO;PRUDENTE;;OBB;1,82;1,10;0,93;0,83;;-2,31;-0,95;3,95;;0,23;
153;Fondo aperto;INTESA SANPAOLO VITA SPA;FONDO PENSIONE APERTO UBI PREVIDENZA;AGGRESSIVO;;BIL;2,23;1,71;1,58;1,51;;4,15;5,74;12,44;(5);4,33;
153;Fondo aperto;INTESA SANPAOLO VITA SPA;FONDO PENSIONE APERTO UBI PREVIDENZA;CAPITALE SICURO;(3);GAR;1,46;0,93;0,81;0,73;;-1,11;-0,19;4,06;(4) (5);-0,12;
153;Fondo aperto;INTESA SANPAOLO VITA SPA;FONDO PENSIONE APERTO UBI PREVIDENZA;DINAMICO;;BIL;1,99;1,46;1,33;1,26;;1,71;3,58;8,97;(5);3,17;
153;Fondo aperto;INTESA SANPAOLO VITA SPA;FONDO PENSIONE APERTO UBI PREVIDENZA;GARANTITO;(3) (7);GAR;1,77;1,24;1,12;1,04;;-1,69;-1,07;3,10;(1) (4) (5);-0,65;
153;Fondo aperto;INTESA SANPAOLO VITA SPA;FONDO PENSIONE APERTO UBI PREVIDENZA;MODERATO;;BIL;1,68;1,15;1,02;0,95;;-0,60;1,28;5,68;(5);1,74;
153;Fondo aperto;INTESA SANPAOLO VITA SPA;FONDO PENSIONE APERTO UBI PREVIDENZA;PRUDENTE;;OBB;1,49;0,97;0,84;0,77;;-2,02;-0,05;4,64;(5);0,79;
155;Fondo aperto;HELVETIA VITA SPA - COMPAGNIA ITALO SVIZZERA D'ASSICURAZIONI SULLA VITA;FONDO PENSIONE APERTO SOLUZIONE PREVIDENTE;LINEA 1 GARANTITA;(3);GAR;2,06;1,36;1,18;1,07;;-1,73;-0,67;3,69;(4) (5);-0,40;
155;Fondo aperto;HELVETIA VITA SPA - COMPAGNIA ITALO SVIZZERA D'ASSICURAZIONI SULLA VITA;FONDO PENSIONE APERTO SOLUZIONE PREVIDENTE;LINEA 2 PRUDENTE;;BIL;2,37;1,67;1,49;1,38;;-2,62;-0,08;7,15;(5);1,17;
155;Fondo aperto;HELVETIA VITA SPA - COMPAGNIA ITALO SVIZZERA D'ASSICURAZIONI SULLA VITA;FONDO PENSIONE APERTO SOLUZIONE PREVIDENTE;LINEA 3 EQUILIBRATA;;BIL;2,57;1,88;1,70;1,59;;-0,63;1,63;8,16;(5);2,23;
155;Fondo aperto;HELVETIA VITA SPA - COMPAGNIA ITALO SVIZZERA D'ASSICURAZIONI SULLA VITA;FONDO PENSIONE APERTO SOLUZIONE PREVIDENTE;LINEA 4 DINAMICA;;AZN;2,89;2,19;2,01;1,90;;;;;(5) (6);;
157;Fondo negoziale;;FONDO PENSIONE AGRIFONDO;BILANCIATO;;BIL;0,85;0,51;0,36;0,23;;1,74;3,11;7,71;;2,74;
157;Fondo negoziale;;FONDO PENSIONE AGRIFONDO;GARANTITO;(1);GAR;0,94;0,61;0,45;0,33;;-0,61;0,52;4,75;;0,49;
160;Fondo aperto;INTESA SANPAOLO VITA SPA;BAP PENSIONE 2007 FONDO PENSIONE APERTO;EQUILIBRIO;(6);BIL;2,37;1,72;1,60;1,56;;-0,22;1,62;7,40;(5);0,88;
160;Fondo aperto;INTESA SANPAOLO VITA SPA;BAP PENSIONE 2007 FONDO PENSIONE APERTO;INVESTIMENTO;(6);AZN;2,63;1,98;1,86;1,82;;3,17;4,98;11,80;(5);2,58;
160;Fondo aperto;INTESA SANPAOLO VITA SPA;BAP PENSIONE 2007 FONDO PENSIONE APERTO;TFR;(3) (6);GAR;2,06;1,41;1,29;1,25;;-2,16;-0,36;4,58;(4) (5);-0,35;
164;Fondo negoziale;;FONDO PERSEO SIRIO;AZIONARIO;;AZN;0,66;0,45;0,36;0,28;;;;;;;
164;Fondo negoziale;;FONDO PERSEO SIRIO;GARANTITO;(1);GAR;0,78;0,57;0,47;0,39;;-0,45;0,69;3,06;;0,60;
164;Fondo negoziale;;FONDO PERSEO SIRIO;OBBLIGAZIONARIO;;OBB;0,59;0,38;0,28;0,21;;;;;;;
167;;;FONDAEREO;CRESCITA;;AZN;;;;;;1,44;4,90;10,66;;4,81;
167;Fondo negoziale;;FONDAEREO;CRESCITA - Assistenti di volo;;AZN;1,35;0,73;0,47;0,25;;;;;;;
167;Fondo negoziale;;FONDAEREO;CRESCITA - Piloti;;AZN;2,24;1,17;0,70;0,31;;;;;;;
167;;;FONDAEREO;EQUILIBRIO;;OBB MISTO;;;;;;-0,66;2,47;8,08;;3,13;
167;Fondo negoziale;;FONDAEREO;EQUILIBRIO - Assistenti di volo;;OBB;1,35;0,73;0,47;0,25;;;;;;;
167;Fondo negoziale;;FONDAEREO;EQUILIBRIO - Piloti;;OBB;2,24;1,17;0,70;0,31;;;;;;;
167;;;FONDAEREO;GARANTITO;;GAR;;;;;;1,00;0,96;3,80;;0,67;
167;Fondo negoziale;;FONDAEREO;GARANTITO  - Assistenti di volo;(1);GAR;1,85;1,23;0,97;0,75;;;;;;;
167;Fondo negoziale;;FONDAEREO;GARANTITO  - Piloti;(1);GAR;2,73;1,67;1,20;0,82;;;;;;;
169;Fondo aperto;AMUNDI SGR SPA;CORE PENSION FONDO PENSIONE APERTO;AZIONARIO 75% ESG;;AZN;1,82;1,44;1,29;1,18;;2,29;5,67;6,95;;;
169;Fondo aperto;AMUNDI SGR SPA;CORE PENSION FONDO PENSIONE APERTO;AZIONARIO PLUS 90% ESG;;AZN;1,98;1,60;1,45;1,34;;3,78;6,91;7,27;;;
169;Fondo aperto;AMUNDI SGR SPA;CORE PENSION FONDO PENSIONE APERTO;BILANCIATO 50% ESG;;BIL;1,67;1,28;1,14;1,03;;0,60;3,85;5,95;;;
169;Fondo aperto;AMUNDI SGR SPA;CORE PENSION FONDO PENSIONE APERTO;GARANTITO ESG;(3)(5);GAR;1,51;1,13;0,98;0,87;;-0,60;-0,02;3,70;(4);;
169;Fondo aperto;AMUNDI SGR SPA;CORE PENSION FONDO PENSIONE APERTO;OBBLIGAZIONARIO MISTO 25% ESG;;OBB;1,51;1,13;0,98;0,87;;-1,81;1,55;5,20;;;
17;Fondo aperto;SOCIETA' REALE MUTUA DI ASSICURAZIONI;FONDO PENSIONE APERTO TESEO;BILANCIATA ETICA;;BIL;2,01;1,46;1,36;1,32;;-0,41;1,58;9,38;(5);1,96;2,74
17;Fondo aperto;SOCIETA' REALE MUTUA DI ASSICURAZIONI;FONDO PENSIONE APERTO TESEO;GARANTITA ETICA;(3);GAR;1,37;0,81;0,71;0,67;;-0,50;0,09;3,47;(4) (5);0,49;1,20
17;Fondo aperto;SOCIETA' REALE MUTUA DI ASSICURAZIONI;FONDO PENSIONE APERTO TESEO;PRUDENZIALE ETICA;;OBB;1,71;1,16;1,06;1,02;;-5,34;-1,81;5,28;(5);0,37;1,73
17;Fondo aperto;SOCIETA' REALE MUTUA DI ASSICURAZIONI;FONDO PENSIONE APERTO TESEO;SVILUPPO ETICA;;AZN;2,21;1,66;1,56;1,52;;6,29;5,78;14,00;(5);3,70;2,91
170;Fondo negoziale;;PREVIDENZA COOPERATIVA;BILANCIATO;(1);OBB;0,68;0,40;0,31;0,24;;0,97;;7,34;;;
170;Fondo negoziale;;PREVIDENZA COOPERATIVA;DINAMICO;(1);AZN;0,66;0,38;0,29;0,22;;1,94;;8,54;;;
170;Fondo negoziale;;PREVIDENZA COOPERATIVA;SICURO;(1);GAR;1,04;0,76;0,67;0,60;;-0,03;0,33;3,54;;0,65;
171;Fondo aperto;AZIMUT CAPITAL MANAGEMENT SGR SPA;AZIMUT SUSTAINABLE FUTURE -FONDO PENSIONE APERTO;BILANCIATO;;BIL;3,18;2,12;1,82;1,62;;0,58;;5,29;(5);;
171;Fondo aperto;AZIMUT CAPITAL MANAGEMENT SGR SPA;AZIMUT SUSTAINABLE FUTURE -FONDO PENSIONE APERTO;BILANCIATO ACCRESCITIVO;;BIL;3,49;2,43;2,13;1,93;;1,06;;5,40;(5);;
171;Fondo aperto;AZIMUT CAPITAL MANAGEMENT SGR SPA;AZIMUT SUSTAINABLE FUTURE -FONDO PENSIONE APERTO;BILANCIATO CONSERVATIVO;;BIL;2,66;1,60;1,30;1,10;;-0,28;;5,29;(5);;
18;Fondo aperto;CREDEMVITA SPA;CREDEMPREVIDENZA FONDO PENSIONE APERTO;AZIONARIO;;AZN;2,67;1,91;1,71;1,60;;6,54;7,16;13,42;(5);5,46;4,19
18;Fondo aperto;CREDEMVITA SPA;CREDEMPREVIDENZA FONDO PENSIONE APERTO;BILANCIATO;;BIL;2,37;1,60;1,40;1,28;;1,57;3,88;9,76;(5);3,71;3,23
18;Fondo aperto;CREDEMVITA SPA;CREDEMPREVIDENZA FONDO PENSIONE APERTO;FLESSIBILE;;OBB;2,16;1,39;1,19;1,08;;1,17;2,05;4,81;(5);2,04;
18;Fondo aperto;CREDEMVITA SPA;CREDEMPREVIDENZA FONDO PENSIONE APERTO;OBBLIGAZIONARIO GARANTITO;(3);GAR;2,26;1,50;1,30;1,18;;-2,53;0,85;6,73;(4) (5);1,65;2,29
2;Fondo negoziale;;FONDO PENSIONE FONDENERGIA;BILANCIATO;(2);BIL;0,43;0,31;0,26;0,23;;0,31;3,01;6,43;;2,94;3,65
2;Fondo negoziale;;FONDO PENSIONE FONDENERGIA;DINAMICO;(2);AZN;0,46;0,34;0,30;0,26;;2,92;4,67;9,54;;3,87;4,39
2;Fondo negoziale;;FONDO PENSIONE FONDENERGIA;GARANTITO;(1);GAR;0,82;0,70;0,66;0,62;;1,14;1,06;3,90;;0,77;
22;Fondo aperto;VITTORIA ASSICURAZIONI SPA;FONDO PENSIONE APERTO - VITTORIA FORMULA LAVORO;PREVIDENZA BILANCIATO INTERNAZIONALE;;BIL;2,99;1,59;1,24;1,05;;;;2,11;;;
22;Fondo aperto;VITTORIA ASSICURAZIONI SPA;FONDO PENSIONE APERTO - VITTORIA FORMULA LAVORO;PREVIDENZA CAPITALIZZATA;;AZN;3,66;2,27;1,92;1,73;;3,54;4,84;9,82;;3,38;3,52
22;Fondo aperto;VITTORIA ASSICURAZIONI SPA;FONDO PENSIONE APERTO - VITTORIA FORMULA LAVORO;PREVIDENZA EQUILIBRATA;;BIL;3,31;1,91;1,56;1,37;;-0,04;1,94;7,10;;1,92;2,80
22;Fondo aperto;VITTORIA ASSICURAZIONI SPA;FONDO PENSIONE APERTO - VITTORIA FORMULA LAVORO;PREVIDENZA GARANTITA;(3);GAR;2,99;1,59;1,24;1,05;;-3,51;-0,53;5,78;(4);0,64;1,55
25;;;FONDO PENSIONE APERTO CATTOLICA GESTIONE PREVIDENZA;AZIONARIO GLOBALE;;AZN;;;;;;5,48;6,55;11,89;(5);4,46;3,61
25;;;FONDO PENSIONE APERTO CATTOLICA GESTIONE PREVIDENZA;BILANCIATO GLOBALE;;BIL;;;;;;-0,62;1,86;7,67;(5);2,49;2,39
25;;;FONDO PENSIONE APERTO CATTOLICA GESTIONE PREVIDENZA;ETICO;;BIL;;;;;;0,13;1,62;8,11;(5);1,44;
25;;;FONDO PENSIONE APERTO CATTOLICA GESTIONE PREVIDENZA;GARANTITO;;GAR;;;;;;-8,93;-1,67;9,54;(4) (5);0,19;0,88
25;;;FONDO PENSIONE APERTO CATTOLICA GESTIONE PREVIDENZA;MONETARIO GLOBALE;;OBB PURO;;;;;;-0,38;-0,18;2,73;(5);-0,09;1,00
25;;;FONDO PENSIONE APERTO CATTOLICA GESTIONE PREVIDENZA;OBBLIGAZIONARIO GLOBALE;;OBB PURO;;;;;;-3,49;-0,97;4,40;(5);1,04;1,67
26;Fondo aperto;ARCA FONDI SGR SPA;ARCA PREVIDENZA FONDO PENSIONE APERTO;ALTA CRESCITA SOSTENIBILE;;BIL;2,82;1,81;1,61;1,52;;2,85;5,19;10,75;(5);4,07;3,36
26;Fondo aperto;ARCA FONDI SGR SPA;ARCA PREVIDENZA FONDO PENSIONE APERTO;CRESCITA SOSTENIBILE;;BIL;2,64;1,63;1,42;1,33;;-0,04;2,74;8,74;(5);2,96;3,05
26;Fondo aperto;ARCA FONDI SGR SPA;ARCA PREVIDENZA FONDO PENSIONE APERTO;OBIETTIVO TFR;(3);GAR;2,64;1,63;1,42;1,33;;0,56;0,44;4,46;(4) (5);0,31;
26;Fondo aperto;ARCA FONDI SGR SPA;ARCA PREVIDENZA FONDO PENSIONE APERTO;RENDITA SOSTENIBILE;;BIL;2,58;1,56;1,36;1,27;;-0,67;1,25;6,69;(5);2,07;2,84
3;Fondo negoziale;;FONDO PENSIONE QUADRI E CAPI FIAT;CRESCITA;(2);BIL;0,91;0,50;0,33;0,19;;1,24;3,95;6,76;;3,79;
3;Fondo negoziale;;FONDO PENSIONE QUADRI E CAPI FIAT;REDDITO;(2);OBB;0,89;0,48;0,31;0,17;;-0,21;2,85;7,35;;2,66;
3;Fondo negoziale;;FONDO PENSIONE QUADRI E CAPI FIAT;STABILITA';(1);GAR;1,39;0,99;0,82;0,68;;0,66;0,82;2,49;;0,55;
30;Fondo aperto;UNIPOLSAI ASSICURAZIONI SPA;FONDO PENSIONE APERTO UNIPOLSAI PREVIDENZA FPA;AZIONARIO;;AZN;3,04;2,14;1,89;1,72;;3,96;5,81;11,39;(5);;
30;Fondo aperto;UNIPOLSAI ASSICURAZIONI SPA;FONDO PENSIONE APERTO UNIPOLSAI PREVIDENZA FPA;BILANCIATO DINAMICO;;BIL;2,73;1,83;1,57;1,41;;1,24;3,58;8,66;(5);3,28;3,49
30;Fondo aperto;UNIPOLSAI ASSICURAZIONI SPA;FONDO PENSIONE APERTO UNIPOLSAI PREVIDENZA FPA;BILANCIATO EQUILIBRATO;;BIL;2,52;1,63;1,37;1,20;;-0,49;1,94;6,90;(5);2,50;3,03
30;Fondo aperto;UNIPOLSAI ASSICURAZIONI SPA;FONDO PENSIONE APERTO UNIPOLSAI PREVIDENZA FPA;BILANCIATO ETICO;;OBB;2,32;1,42;1,16;0,99;;-1,32;0,52;4,94;(5);;
30;Fondo aperto;UNIPOLSAI ASSICURAZIONI SPA;FONDO PENSIONE APERTO UNIPOLSAI PREVIDENZA FPA;BILANCIATO PRUDENTE;;OBB;2,52;1,63;1,37;1,20;;-1,54;0,70;5,46;(5);1,74;2,57
30;Fondo aperto;UNIPOLSAI ASSICURAZIONI SPA;FONDO PENSIONE APERTO UNIPOLSAI PREVIDENZA FPA;GARANTITO FLEX;(3);GAR;2,17;1,26;1,00;0,83;;-0,10;0,71;4,08;(4) (5);;
30;Fondo aperto;UNIPOLSAI ASSICURAZIONI SPA;FONDO PENSIONE APERTO UNIPOLSAI PREVIDENZA FPA;OBBLIGAZIONARIO;;OBB;2,32;1,42;1,16;0,99;;-1,61;0,10;4,63;(5);1,05;2,21
31;Fondo aperto;VERA VITA SPA;FONDO PENSIONE APERTO - VERA VITA;POPOLARE-BOND;(3);GAR;2,07;1,34;1,20;1,15;;-4,39;-2,04;4,48;(4) (5);-0,42;1,37
31;Fondo aperto;VERA VITA SPA;FONDO PENSIONE APERTO - VERA VITA;POPOLARE-GEST;(3);GAR;2,12;1,39;1,25;1,20;;-2,56;-0,37;6,39;(4) (5);0,48;1,89
31;Fondo aperto;VERA VITA SPA;FONDO PENSIONE APERTO - VERA VITA;POPOLARE-MIX;;BIL;2,16;1,44;1,30;1,25;;1,76;3,71;10,39;(5);2,85;3,22
33;Fondo aperto;UNICREDIT ALLIANZ VITA SPA;UNICREDIT - FONDO PENSIONE APERTO A CONTRIBUZIONE DEFINITA;DINAMICA - AZIONARIA INTERNAZIONALE;(6);AZN;2,95;1,87;1,67;1,60;;4,94;6,66;9,93;;4,37;3,89
33;Fondo aperto;UNICREDIT ALLIANZ VITA SPA;UNICREDIT - FONDO PENSIONE APERTO A CONTRIBUZIONE DEFINITA;SERENA - BILANCIATA;(6);BIL;2,75;1,67;1,47;1,40;;-1,74;1,88;6,25;;2,19;2,94
33;Fondo aperto;UNICREDIT ALLIANZ VITA SPA;UNICREDIT - FONDO PENSIONE APERTO A CONTRIBUZIONE DEFINITA;SICURA - OBBLIGAZIONARIA CON GARANZIA DI RENDIMENTO MINIMO;(3) (6);GAR;2,45;1,37;1,17;1,10;;-2,34;-0,23;4,71;(4);-0,39;0,67
33;Fondo aperto;UNICREDIT ALLIANZ VITA SPA;UNICREDIT - FONDO PENSIONE APERTO A CONTRIBUZIONE DEFINITA;TRANQUILLA - OBBLIGAZIONARIA MISTA CON GARANZIA DI RESTITUZIONE DEL CAPITALE;(3) (6);GAR;2,60;1,52;1,32;1,25;;-5,14;-1,24;5,58;(4);0,48;1,84
34;Fondo aperto;MEDIOLANUM GESTIONE FONDI SPA;FONDO PENSIONE APERTO PREVIGEST FUND MEDIOLANUM;AZIONARIO;;AZN;2,54;2,27;2,14;2,04;;3,45;5,58;11,35;(5);4,05;
34;Fondo aperto;MEDIOLANUM GESTIONE FONDI SPA;FONDO PENSIONE APERTO PREVIGEST FUND MEDIOLANUM;BILANCIATO;;BIL;2,28;2,01;1,89;1,78;;0,69;3,09;8,33;(5);2,43;
34;Fondo aperto;MEDIOLANUM GESTIONE FONDI SPA;FONDO PENSIONE APERTO PREVIGEST FUND MEDIOLANUM;OBBLIGAZIONARIO;;OBB;2,04;1,77;1,65;1,54;;-3,36;-0,51;5,07;(5);0,45;
37;Fondo aperto;ZURICH INVESTMENTS LIFE SPA;FONDO PENSIONE APERTO ZURICH CONTRIBUTION;CONSERVATIVA;;OBB;2,35;1,23;1,02;0,95;;-4,34;-1,50;3,45;(5);0,39;1,13
37;Fondo aperto;ZURICH INVESTMENTS LIFE SPA;FONDO PENSIONE APERTO ZURICH CONTRIBUTION;DINAMICA;;AZN;2,45;1,33;1,12;1,05;;2,24;4,50;10,38;(5);3,76;3,86
37;Fondo aperto;ZURICH INVESTMENTS LIFE SPA;FONDO PENSIONE APERTO ZURICH CONTRIBUTION;GARANTITA;(3);GAR;2,30;1,18;0,97;0,90;;-2,76;-1,01;3,52;(4) (5);0,17;1,09
39;Fondo aperto;ZURICH INVESTMENTS LIFE SPA;ZED OMNIFUND - FONDO PENSIONE APERTO;AZIONARIA;;AZN;3,96;2,83;2,51;2,31;;4,43;6,01;10,94;;4,04;3,50
39;Fondo aperto;ZURICH INVESTMENTS LIFE SPA;ZED OMNIFUND - FONDO PENSIONE APERTO;BILANCIATA 30;;BIL;3,14;1,99;1,67;1,46;;-1,29;1,31;6,06;;2,00;2,42
39;Fondo aperto;ZURICH INVESTMENTS LIFE SPA;ZED OMNIFUND - FONDO PENSIONE APERTO;BILANCIATA 65;;AZN;3,55;2,41;2,09;1,89;;1,74;4,02;9,88;;3,28;3,30
39;Fondo aperto;ZURICH INVESTMENTS LIFE SPA;ZED OMNIFUND - FONDO PENSIONE APERTO;GARANTITA;(3);GAR;3,55;2,41;2,09;1,89;;-3,36;-1,68;2,67;(4);-0,75;0,27
39;Fondo aperto;ZURICH INVESTMENTS LIFE SPA;ZED OMNIFUND - FONDO PENSIONE APERTO;OBBLIGAZIONARIA;;OBB;2,66;1,51;1,19;0,98;;-4,24;-1,19;3,65;;0,65;1,43
4;Fondo aperto;ALLIANZ SPA;ALLIANZ PREVIDENZA  FONDO PENSIONE APERTO A CONTRIBUZIONE DEFINITA;LINEA AZIONARIA;;AZN;2,12;1,58;1,49;1,45;;4,60;6,71;13,98;(5);5,79;4,47
4;Fondo aperto;ALLIANZ SPA;ALLIANZ PREVIDENZA  FONDO PENSIONE APERTO A CONTRIBUZIONE DEFINITA;LINEA BILANCIATA;;BIL;1,92;1,38;1,29;1,25;;-0,97;2,15;9,41;(5);2,93;3,10
4;Fondo aperto;ALLIANZ SPA;ALLIANZ PREVIDENZA  FONDO PENSIONE APERTO A CONTRIBUZIONE DEFINITA;LINEA FLESSIBILE;(3);GAR;1,77;1,23;1,14;1,10;;-4,55;-0,87;6,53;(4) (5);0,59;1,86
4;Fondo aperto;ALLIANZ SPA;ALLIANZ PREVIDENZA  FONDO PENSIONE APERTO A CONTRIBUZIONE DEFINITA;LINEA MULTIASSET;;BIL;3,05;2,09;1,80;1,61;;-1,42;0,49;5,85;(5);;
4;Fondo aperto;ALLIANZ SPA;ALLIANZ PREVIDENZA  FONDO PENSIONE APERTO A CONTRIBUZIONE DEFINITA;LINEA OBBLIGAZIONARIA BREVE TERMINE;;OBB;1,67;1,13;1,04;1,00;;-1,07;-0,84;2,50;(5);;
4;Fondo aperto;ALLIANZ SPA;ALLIANZ PREVIDENZA  FONDO PENSIONE APERTO A CONTRIBUZIONE DEFINITA;LINEA OBBLIGAZIONARIA LUNGO TERMINE;;OBB;1,87;1,33;1,24;1,20;;-3,01;-1,28;4,48;(5);;
40;Fondo aperto;ITAS VITA SPA;PLURIFONDS IL FONDO PENSIONE DI ITAS VITA;ACTIVITAS;;AZN;2,34;1,84;1,69;1,59;;4,43;5,55;11,73;;3,85;3,42
40;Fondo aperto;ITAS VITA SPA;PLURIFONDS IL FONDO PENSIONE DI ITAS VITA;AEQUITAS;;BIL;2,01;1,44;1,26;1,13;;-0,23;1,80;6,59;;2,42;
40;Fondo aperto;ITAS VITA SPA;PLURIFONDS IL FONDO PENSIONE DI ITAS VITA;SECURITAS;(3);GAR;1,82;1,32;1,17;1,07;;-2,79;-0,48;4,30;(4);0,09;1,38
40;Fondo aperto;ITAS VITA SPA;PLURIFONDS IL FONDO PENSIONE DI ITAS VITA;SERENITAS;;OBB;1,62;1,12;0,96;0,86;;-1,68;0,44;5,51;;1,04;2,23
40;Fondo aperto;ITAS VITA SPA;PLURIFONDS IL FONDO PENSIONE DI ITAS VITA;SOLIDITAS;;BIL;1,98;1,48;1,33;1,23;;2,49;3,95;9,62;;3,02;3,01
46;;;FONDO PENSIONE APERTO RISPARMIO & PREVIDENZA;BILANCIATO GLOBALE;;BIL;;;;;;-2,16;1,18;7,85;(5);1,90;2,36
46;;;FONDO PENSIONE APERTO RISPARMIO & PREVIDENZA;BILANCIATO PRUDENTE;;OBB MISTO;;;;;;-3,67;-0,09;6,76;(5);1,26;1,75
46;;;FONDO PENSIONE APERTO RISPARMIO & PREVIDENZA;ETICO;;OBB MISTO;;;;;;-2,16;1,21;6,30;(5);1,69;
46;;;FONDO PENSIONE APERTO RISPARMIO & PREVIDENZA;GARANTITO;;GAR;;;;;;-9,05;-1,82;8,76;(4) (5);0,40;1,01
5;Fondo aperto;AXA MPS ASSICURAZIONI VITA SPA;PREVIDENZA PER TE - FONDO PENSIONE APERTO;CRESCITA;;AZN;3,01;2,13;1,88;1,72;;3,70;5,99;10,59;;4,84;4,47
5;Fondo aperto;AXA MPS ASSICURAZIONI VITA SPA;PREVIDENZA PER TE - FONDO PENSIONE APERTO;GARANTITA;(3);GAR;2,59;1,71;1,46;1,30;;-0,82;-0,19;2,74;(4);-0,43;0,29
5;Fondo aperto;AXA MPS ASSICURAZIONI VITA SPA;PREVIDENZA PER TE - FONDO PENSIONE APERTO;MISTA;;BIL;2,80;1,92;1,67;1,51;;1,86;4,17;8,25;;3,65;3,73
5;Fondo aperto;AXA MPS ASSICURAZIONI VITA SPA;PREVIDENZA PER TE - FONDO PENSIONE APERTO;MONETA;;OBB;2,49;1,61;1,36;1,19;;-2,03;-0,21;3,61;;0,02;1,09
5;Fondo aperto;AXA MPS ASSICURAZIONI VITA SPA;PREVIDENZA PER TE - FONDO PENSIONE APERTO;STABILITÀ;;BIL;2,49;1,61;1,36;1,19;;0,84;2,40;5,93;;2,35;2,78
50;Fondo aperto;SELLA SGR SPA;EURORISPARMIO PREVIDENZA COMPLEMENTARE FONDO PENSIONE APERTO;AZIONARIO EUROPA;;AZN;2,28;1,74;1,57;1,45;;6,57;7,17;11,70;(5);4,22;4,23
50;Fondo aperto;SELLA SGR SPA;EURORISPARMIO PREVIDENZA COMPLEMENTARE FONDO PENSIONE APERTO;AZIONARIO INTERNAZIONALE;;AZN;2,28;1,74;1,57;1,45;;6,09;7,58;11,58;(5);5,74;4,62
50;Fondo aperto;SELLA SGR SPA;EURORISPARMIO PREVIDENZA COMPLEMENTARE FONDO PENSIONE APERTO;BILANCIATO;;BIL;2,08;1,54;1,37;1,25;;1,78;3,27;8,31;(5);2,31;2,62
50;Fondo aperto;SELLA SGR SPA;EURORISPARMIO PREVIDENZA COMPLEMENTARE FONDO PENSIONE APERTO;OBBLIGAZIONARIO;;OBB;1,68;1,14;0,97;0,85;;-1,71;0,40;5,86;(5);0,98;1,82
50;Fondo aperto;SELLA SGR SPA;EURORISPARMIO PREVIDENZA COMPLEMENTARE FONDO PENSIONE APERTO;OBBLIGAZIONARIO GARANTITO;(3);GAR;1,48;0,94;0,77;0,65;;0,48;0,95;3,48;(4) (5);0,53;1,11
5001;Fondo PIP;HDI ASSICURAZIONI S.P.A.;CBA PREVIDENZA - PIANO INDIVIDUALE PENSIONISTICO DI TIPO ASSICURATIVO - FONDO PENSIONE;CBA APPRODO;(1) (2);GAR;1,94;1,37;1,25;1,21;Ramo I;1,40;1,55;1,47;(3);2,01;
5001;Fondo PIP;HDI ASSICURAZIONI S.P.A.;CBA PREVIDENZA - PIANO INDIVIDUALE PENSIONISTICO DI TIPO ASSICURATIVO - FONDO PENSIONE;CBA ORIZZONTE 30;(1);BIL;2,57;2,00;1,88;1,84;Ramo III;0,42;2,00;8,33;;1,53;
5001;Fondo PIP;HDI ASSICURAZIONI S.P.A.;CBA PREVIDENZA - PIANO INDIVIDUALE PENSIONISTICO DI TIPO ASSICURATIVO - FONDO PENSIONE;CBA ORIZZONTE 60;(1);BIL;2,80;2,23;2,11;2,07;Ramo III;3,93;5,72;13,70;;4,04;
5002;Fondo PIP;INTESA SANPAOLO VITA S.P.A.;OUVERTURE 2007 - PIANO INDIVIDUALE PENSIONISTICO DI TIPO ASSICURATIVO - FONDO PENSIONE;BAP GESTIONE PREVIDENZA;(1) (2);GAR;3,56;2,52;2,05;1,65;Ramo I;1,57;1,51;1,40;(3);1,80;
5003;Fondo PIP;POSTE VITA S.P.A.;POSTA PREVIDENZA VALORE - PIANO INDIVIDUALE PENSIONISTICO DI TIPO ASSICURATIVO - FONDO PENSIONE;POSTA PENSIONE;(2);GAR;2,72;1,85;1,45;1,07;Ramo I;1,45;1,56;1,53;(3);2,19;
5003;Fondo PIP;POSTE VITA S.P.A.;POSTA PREVIDENZA VALORE - PIANO INDIVIDUALE PENSIONISTICO DI TIPO ASSICURATIVO - FONDO PENSIONE;POSTE VITA PREVIDENZA FLESSIBILE;;BIL;2,72;1,85;1,45;1,07;Ramo III;0,45;;7,98;;;
5006;Fondo PIP;ALLEANZA ASSICURAZIONI S.P.A.;ALLEATA PREVIDENZA - PIANO INDIVIDUALE PENSIONISTICO DI TIPO ASSICURATIVO - FONDO PENSIONE;ALLEATA AZIONARIA;;AZN;4,71;3,03;2,44;2,01;Ramo III;2,92;5,32;12,27;;3,06;
5006;Fondo PIP;ALLEANZA ASSICURAZIONI S.P.A.;ALLEATA PREVIDENZA - PIANO INDIVIDUALE PENSIONISTICO DI TIPO ASSICURATIVO - FONDO PENSIONE;ALLEATA BILANCIATA;;BIL;4,49;2,81;2,22;1,79;Ramo III;-0,01;2,45;9,65;;1,71;
5006;Fondo PIP;ALLEANZA ASSICURAZIONI S.P.A.;ALLEATA PREVIDENZA - PIANO INDIVIDUALE PENSIONISTICO DI TIPO ASSICURATIVO - FONDO PENSIONE;ALLEATA GARANTITA;(2);GAR;4,16;2,48;1,89;1,45;Ramo I;1,19;1,28;1,44;(3);1,65;
5007;Fondo PIP;HDI ASSICURAZIONI S.P.A.;PREVIDENZA HDI - PIANO INDIVIDUALE PENSIONISTICO DI TIPO ASSICURATIVO - FONDO PENSIONE;HDI FONDO PENSIONE;(1) (2);GAR;3,33;2,07;1,56;1,15;Ramo I;1,33;1,33;1,44;(3);1,56;
5008;Fondo PIP;GENERTELLIFE S.P.A.;FUTURO ATTIVO – PIANO INDIVIDUALE PENSIONISTICO DI TIPO ASSICURATIVO – FONDO PENSIONE;PREVIDENZA CONCRETA;(1) (2) (4);GAR;4,71;3,00;2,21;1,55;Ramo I;1,80;1,80;1,85;(3);2,15;
5010;Fondo PIP;AXA MPS ASSICURAZIONI VITA S.P.A.;AXA MPS PREVIDENZA ATTIVA - PIANO INDIVIDUALE PENSIONISTICO DI TIPO ASSICURATIVO - FONDO PENSIONE;MPV PREVIDENZA;(2);GAR;3,06;2,24;1,93;1,69;Ramo I;0,75;0,83;0,81;(3);1,21;
5010;Fondo PIP;AXA MPS ASSICURAZIONI VITA S.P.A.;AXA MPS PREVIDENZA ATTIVA - PIANO INDIVIDUALE PENSIONISTICO DI TIPO ASSICURATIVO - FONDO PENSIONE;MPV PREVIDENZA AGGRESSIVO;;AZN;3,85;3,04;2,73;2,49;Ramo III;3,09;6,33;8,53;;4,33;
5010;Fondo PIP;AXA MPS ASSICURAZIONI VITA S.P.A.;AXA MPS PREVIDENZA ATTIVA - PIANO INDIVIDUALE PENSIONISTICO DI TIPO ASSICURATIVO - FONDO PENSIONE;MPV PREVIDENZA EQUILIBRATO;;BIL;3,61;2,79;2,48;2,24;Ramo III;0,16;3,15;6,59;;2,62;
5011;Fondo PIP;AXA MPS ASSICURAZIONI VITA S.P.A.;AXA MPS PREVIDENZA PERSONALE - PIANO INDIVIDUALE PENSIONISTICO DI TIPO ASSICURATIVO - FONDO PENSIONE;MPV PREVIDENZA;(2);GAR;3,69;2,55;2,05;1,65;Ramo I;0,84;0,91;0,90;(3);1,30;
5011;Fondo PIP;AXA MPS ASSICURAZIONI VITA S.P.A.;AXA MPS PREVIDENZA PERSONALE - PIANO INDIVIDUALE PENSIONISTICO DI TIPO ASSICURATIVO - FONDO PENSIONE;MPV PREVIDENZA AGGRESSIVO;;AZN;4,57;3,45;2,96;2,56;Ramo III;3,09;6,33;8,53;;4,33;
5011;Fondo PIP;AXA MPS ASSICURAZIONI VITA S.P.A.;AXA MPS PREVIDENZA PERSONALE - PIANO INDIVIDUALE PENSIONISTICO DI TIPO ASSICURATIVO - FONDO PENSIONE;MPV PREVIDENZA EQUILIBRATO;;BIL;4,33;3,20;2,71;2,31;Ramo III;0,16;3,15;6,59;;2,62;
5012;Fondo PIP;GAMALIFE COMPANHIA DE SUGUROS DE VIDA, SA;VIPENSIONO - PIANO INDIVIDUALE PENSIONISTICO DI TIPO ASSICURATIVO - FONDO PENSIONE;EUROVIP;(1);AZN;3,84;2,82;2,32;1,93;Ramo III;6,54;6,00;9,53;;2,76;
5012;Fondo PIP;GAMALIFE COMPANHIA DE SUGUROS DE VIDA, SA;VIPENSIONO - PIANO INDIVIDUALE PENSIONISTICO DI TIPO ASSICURATIVO - FONDO PENSIONE;FONDO VIP;(1) (2);GAR;4,23;2,86;2,21;1,68;Ramo I;1,58;1,63;1,54;(3);1,94;
5015;Fondo PIP;GENERTELLIFE S.P.A.;NUOVA PENSIONE - PIANO INDIVIDUALE PENSIONISTICO DI TIPO ASSICURATIVO - FONDO PENSIONE;LVA DINAMICO PREVIDENZA;(1);AZN;5,84;4,18;3,56;3,09;Ramo III;5,30;5,70;10,68;;3,02;
5015;Fondo PIP;GENERTELLIFE S.P.A.;NUOVA PENSIONE - PIANO INDIVIDUALE PENSIONISTICO DI TIPO ASSICURATIVO - FONDO PENSIONE;RIALTO PREVIDENZA;(1) (2) (4);GAR;4,45;2,77;2,14;1,67;Ramo I;0,94;1,09;0,96;(3);1,58;
5016;Fondo PIP;GENERTELLIFE S.P.A.;BG PREVIDENZA ATTIVA - PIANO INDIVIDUALE PENSIONISTICO DI TIPO ASSICURATIVO - FONDO PENSIONE;LVA DINAMICO PREVIDENZA;;AZN;5,62;4,06;3,50;3,07;Ramo III;5,30;5,70;10,68;;3,02;
5016;Fondo PIP;GENERTELLIFE S.P.A.;BG PREVIDENZA ATTIVA - PIANO INDIVIDUALE PENSIONISTICO DI TIPO ASSICURATIVO - FONDO PENSIONE;RIALTO PREVIDENZA;(2) (4);GAR;4,22;2,65;2,08;1,65;Ramo I;0,94;1,09;0,96;(3);1,58;
5019;Fondo PIP;ZURICH INVESTMENTS LIFE S.P.A.;PROGRAMMA PENSIONE - PIANO INDIVIDUALE PENSIONISTICO DI TIPO ASSICURATIVO - FONDO PENSIONE;ZURICH PENSION ESG AZIONARIO;;AZN;4,66;3,64;3,18;2,78;Ramo III;6,27;7,96;11,95;;6,19;
5019;Fondo PIP;ZURICH INVESTMENTS LIFE S.P.A.;PROGRAMMA PENSIONE - PIANO INDIVIDUALE PENSIONISTICO DI TIPO ASSICURATIVO - FONDO PENSIONE;ZURICH PENSION ESG FLEX 4;;BIL;3,89;2,86;2,39;1,99;Ramo III;-0,83;-0,41;4,10;;-0,91;
5019;Fondo PIP;ZURICH INVESTMENTS LIFE S.P.A.;PROGRAMMA PENSIONE - PIANO INDIVIDUALE PENSIONISTICO DI TIPO ASSICURATIVO - FONDO PENSIONE;ZURICH PENSION ESG FLEX 8;;BIL;4,34;3,32;2,85;2,46;Ramo III;-1,33;1,62;6,63;;1,46;
5019;Fondo PIP;ZURICH INVESTMENTS LIFE S.P.A.;PROGRAMMA PENSIONE - PIANO INDIVIDUALE PENSIONISTICO DI TIPO ASSICURATIVO - FONDO PENSIONE;ZURICH PENSION ESG PROTETTO;;OBB;3,59;2,56;2,09;1,69;Ramo III;;;;(2);;
5023;Fondo PIP;GROUPAMA ASSICURAZIONI SPA;GROUPAMA PIANO PENSIONISTICO INDIVIDUALE - PIANO INDIVIDUALE PENSIONISTICO DI TIPO ASSICURATIVO - FONDO PENSIONE;VALOREPIU' PREVIDENZA;(1) (2);GAR;4,93;3,21;2,46;1,86;Ramo I;0,25;0,26;0,62;(3);0,74;
5024;Fondo PIP;ALLIANZ S.P.A.;ELIOS PREVIDENZA 2007 - PIANO INDIVIDUALE PENSIONISTICO DI TIPO ASSICURATIVO - FONDO PENSIONE;FONDO ARMONICO  2007;(1) (3);BIL;3,87;2,28;1,84;1,58;Ramo III;2,45;2,04;6,87;;1,42;
5024;Fondo PIP;ALLIANZ S.P.A.;ELIOS PREVIDENZA 2007 - PIANO INDIVIDUALE PENSIONISTICO DI TIPO ASSICURATIVO - FONDO PENSIONE;FONDO ATTIVO  2007;(1) (3);BIL;3,87;2,28;1,84;1,58;Ramo III;3,18;3,30;9,66;;1,99;
5024;Fondo PIP;ALLIANZ S.P.A.;ELIOS PREVIDENZA 2007 - PIANO INDIVIDUALE PENSIONISTICO DI TIPO ASSICURATIVO - FONDO PENSIONE;FONDO PROTETTO 2007;(1);GAR;3,87;2,28;1,84;1,58;Ramo III;-0,57;-0,65;2,37;(3);-0,26;
5025;Fondo PIP;MEDIOLANUM VITA S.P.A.;PIANO INDIVIDUALE PENSIONISTICO DI TIPO ASSICURATIVO - FONDO PENSIONE - TAXBENEFIT NEW;CHALLENGE PROVIDENT FUND 1;;AZN;3,66;3,39;3,22;2,63;OICR;5,03;6,37;12,15;;4,61;
5025;Fondo PIP;MEDIOLANUM VITA S.P.A.;PIANO INDIVIDUALE PENSIONISTICO DI TIPO ASSICURATIVO - FONDO PENSIONE - TAXBENEFIT NEW;CHALLENGE PROVIDENT FUND 2;;BIL;3,08;2,80;2,63;2,09;OICR;2,16;3,67;6,72;;3,24;
5025;Fondo PIP;MEDIOLANUM VITA S.P.A.;PIANO INDIVIDUALE PENSIONISTICO DI TIPO ASSICURATIVO - FONDO PENSIONE - TAXBENEFIT NEW;CHALLENGE PROVIDENT FUND 3;;OBB;2,26;1,97;1,79;1,31;OICR;-2,49;-0,78;1,28;;0,53;
5025;Fondo PIP;MEDIOLANUM VITA S.P.A.;PIANO INDIVIDUALE PENSIONISTICO DI TIPO ASSICURATIVO - FONDO PENSIONE - TAXBENEFIT NEW;CHALLENGE PROVIDENT FUND 4;;OBB;1,82;1,52;1,34;0,89;OICR;-0,21;0,05;2,54;;;
5025;Fondo PIP;MEDIOLANUM VITA S.P.A.;PIANO INDIVIDUALE PENSIONISTICO DI TIPO ASSICURATIVO - FONDO PENSIONE - TAXBENEFIT NEW;CHALLENGE PROVIDENT FUND 5;;BIL;1,90;1,74;1,58;1,12;OICR;0,13;0,18;2,58;;-0,29;
5027;Fondo PIP;CNP VITA ASSICURA S.P.A.;CNP TOP PENSION - PIANO INDIVIDUALE PENSIONISTICO DI TIPO ASSICURATIVO - FONDO PENSIONE;CNP PIP AZIONARIO;;AZN;3,76;2,75;2,38;2,10;Ramo III;6,21;7,47;11,04;;3,55;
5027;Fondo PIP;CNP VITA ASSICURA S.P.A.;CNP TOP PENSION - PIANO INDIVIDUALE PENSIONISTICO DI TIPO ASSICURATIVO - FONDO PENSIONE;CNP PIP BILANCIATO;;BIL;3,61;2,60;2,23;1,95;Ramo III;-1,17;1,13;2,86;;1,11;
5027;Fondo PIP;CNP VITA ASSICURA S.P.A.;CNP TOP PENSION - PIANO INDIVIDUALE PENSIONISTICO DI TIPO ASSICURATIVO - FONDO PENSIONE;CNP PIP FLESSIBILE;;BIL;3,46;2,45;2,08;1,80;Ramo III;-2,15;-1,26;5,34;;-0,95;
5027;Fondo PIP;CNP VITA ASSICURA S.P.A.;CNP TOP PENSION - PIANO INDIVIDUALE PENSIONISTICO DI TIPO ASSICURATIVO - FONDO PENSIONE;CNP PIP OBBLIGAZIONARIO;;OBB;3,26;2,25;1,88;1,60;Ramo III;-4,59;-1,58;4,28;;-0,39;
5027;Fondo PIP;CNP VITA ASSICURA S.P.A.;CNP TOP PENSION - PIANO INDIVIDUALE PENSIONISTICO DI TIPO ASSICURATIVO - FONDO PENSIONE;GEPI;(2) (4);GAR;2,97;1,95;1,58;1,30;Ramo I;1,12;1,36;0,89;(3);1,65;
5029;Fondo PIP;CRÉDIT AGRICOLE VITA S.P.A.;CRÉDIT AGRICOLE VITA PENSIONE PIU' - PIANO INDIVIDUALE PENSIONISTICO DI TIPO ASSICURATIVO - FONDO PENSIONE;CRÉDIT AGRICOLE VITA PREVIDENZA;(2);GAR;2,63;1,68;1,40;1,21;Ramo I;1,16;1,31;1,09;(3);1,75;
5033;Fondo PIP;GROUPAMA ASSICURAZIONI SPA;PROGRAMMA PER TE - PIANO INDIVIDUALE PENSIONISTICO DI TIPO ASSICURATIVO - FONDO PENSIONE;VALOREPIU' PREVIDENZA;(2) (4);GAR;4,40;2,84;2,13;1,53;Ramo I;0,54;0,56;0,91;(3);1,04;
5033;Fondo PIP;GROUPAMA ASSICURAZIONI SPA;PROGRAMMA PER TE - PIANO INDIVIDUALE PENSIONISTICO DI TIPO ASSICURATIVO - FONDO PENSIONE;VALOREPIÙ AZIONARIO PREVIDENZA;;AZN;4,98;3,44;2,73;2,13;Ramo III;4,59;5,04;8,94;;3,10;
5036;Fondo PIP;ARCA VITA S.P.A.;PIANO INDIVIDUALE PENSIONISTICO DI TIPO ASSICURATIVO - PROGRESSIVE PENSION PLAN - PROGRAMMA DINAMICO - FONDO PENSIONE;CONTROL;(1);OBB;3,49;2,08;1,74;1,56;Ramo III;-3,30;-0,38;5,41;;0,91;1,79
5036;Fondo PIP;ARCA VITA S.P.A.;PIANO INDIVIDUALE PENSIONISTICO DI TIPO ASSICURATIVO - PROGRESSIVE PENSION PLAN - PROGRAMMA DINAMICO - FONDO PENSIONE;MEDIUM;(1);BIL;3,80;2,40;2,06;1,87;Ramo III;-0,63;2,61;9,30;;2,98;3,30
5036;Fondo PIP;ARCA VITA S.P.A.;PIANO INDIVIDUALE PENSIONISTICO DI TIPO ASSICURATIVO - PROGRESSIVE PENSION PLAN - PROGRAMMA DINAMICO - FONDO PENSIONE;POWER;(1);AZN;4,01;2,61;2,27;2,08;Ramo III;1,08;4,23;10,89;;3,90;4,12
5037;Fondo PIP;INTESA SANPAOLO VITA S.P.A.;PIP PROGETTO PENSIONE - PIANO INDIVIDUALE PENSIONISTICO DI TIPO ASSICURATIVO - FONDO PENSIONE;EV PREVI;(1) (2);GAR;4,01;2,50;1,99;1,63;Ramo I;1,07;1,00;1,27;(3);1,13;
5037;Fondo PIP;INTESA SANPAOLO VITA S.P.A.;PIP PROGETTO PENSIONE - PIANO INDIVIDUALE PENSIONISTICO DI TIPO ASSICURATIVO - FONDO PENSIONE;STRATEGIA 15;(1);OBB;4,17;2,66;2,15;1,79;Ramo III;-1,44;0,09;5,08;;0,51;
5037;Fondo PIP;INTESA SANPAOLO VITA S.P.A.;PIP PROGETTO PENSIONE - PIANO INDIVIDUALE PENSIONISTICO DI TIPO ASSICURATIVO - FONDO PENSIONE;STRATEGIA 30;(1);OBB;4,42;2,91;2,41;2,04;Ramo III;0,00;1,56;6,31;;1,41;
5037;Fondo PIP;INTESA SANPAOLO VITA S.P.A.;PIP PROGETTO PENSIONE - PIANO INDIVIDUALE PENSIONISTICO DI TIPO ASSICURATIVO - FONDO PENSIONE;STRATEGIA 40;(1);BIL;4,71;3,21;2,71;2,34;Ramo III;0,08;2,11;7,36;;1,68;
5037;Fondo PIP;INTESA SANPAOLO VITA S.P.A.;PIP PROGETTO PENSIONE - PIANO INDIVIDUALE PENSIONISTICO DI TIPO ASSICURATIVO - FONDO PENSIONE;STRATEGIA 55;(1);AZN;5,01;3,51;3,01;2,63;Ramo III;1,43;3,44;8,48;;2,65;
5037;Fondo PIP;INTESA SANPAOLO VITA S.P.A.;PIP PROGETTO PENSIONE - PIANO INDIVIDUALE PENSIONISTICO DI TIPO ASSICURATIVO - FONDO PENSIONE;STRATEGIA 70;(1);AZN;5,16;3,66;3,16;2,79;Ramo III;3,17;4,98;9,26;;3,53;
5038;Fondo PIP;INTESA SANPAOLO VITA S.P.A.;"VITA&amp;PREVIDENZA SANPAOLO PIU'  - PIANO INDIVIDUALE PENSIONISTICO DI TIPO ASSICURATIVO - FONDO PENSIONE";EV PREVI;(1) (2);GAR;4,01;2,50;1,99;1,63;Ramo I;1,07;1,00;1,27;(3);1,13;
5038;Fondo PIP;INTESA SANPAOLO VITA S.P.A.;"VITA&amp;PREVIDENZA SANPAOLO PIU'  - PIANO INDIVIDUALE PENSIONISTICO DI TIPO ASSICURATIVO - FONDO PENSIONE";GLOBAL EQUITY PREVI;(1);AZN;5,14;3,64;3,14;2,77;Ramo III;6,17;8,41;11,79;;6,46;
5039;Fondo PIP;CRONOS VITA ASSICURAZIONI S.P.A.;PIANO PENSIONISTICO BAYERISCHE - TARIFFA 4026 - PIANO INDIVIDUALE PENSIONISTICO DI TIPO ASSICURATIVO - FONDO PENSIONE;NUOVO PPB;(1) (2);GAR;4,32;2,65;1,88;1,24;Ramo I;1,62;1,87;1,06;(3);2,15;
5040;Fondo PIP;CRONOS VITA ASSICURAZIONI S.P.A.;PIANO PENSIONISTICO BAYERISCHE - TARIFFA 4036 - PIANO INDIVIDUALE PENSIONISTICO DI TIPO ASSICURATIVO - FONDO PENSIONE;NUOVO PPB;(1) (2);GAR;4,32;2,65;1,88;1,24;Ramo I;1,62;1,87;1,06;(3);2,15;
5044;Fondo PIP;CRONOS VITA ASSICURAZIONI S.P.A.;PIANO PENSIONISTICO BAYERISCHE - TARIFFA 4046 - PIANO INDIVIDUALE PENSIONISTICI DI TIPO ASSICURATIVO - FONDO PENSIONE;NUOVO PPB;(1) (2);GAR;4,32;2,65;1,88;1,24;Ramo I;1,62;1,87;1,06;(3);2,15;
5046;Fondo PIP;CRONOS VITA ASSICURAZIONI S.P.A.;TAX QUALIFIED ANNUITY III - RENDITA DI PREVIDENZA QUALIFICATA - PIANO INDIVIDUALE PENSIONISTICO DI TIPO ASSICURATIVO - FONDO PENSIONE;PREVI;(1) (2) (4);GAR;4,44;2,70;1,91;1,26;Ramo I;2,60;2,67;2,74;(3);3,06;
5047;Fondo PIP;BCC VITA S.P.A.;MODUS. PIANO INDIVIDUALE PENSIONISTICO DI TIPO ASSICURATIVO - FONDO PENSIONE;BCC VITA EQUITY AMERICA PIP;(1);AZN;6,43;4,81;4,06;3,43;Ramo III;6,43;10,67;13,52;;8,30;
5047;Fondo PIP;BCC VITA S.P.A.;MODUS. PIANO INDIVIDUALE PENSIONISTICO DI TIPO ASSICURATIVO - FONDO PENSIONE;BCC VITA EQUITY ASIA PIP;(1);AZN;6,43;4,81;4,06;3,43;Ramo III;-5,63;1,74;0,23;;3,16;
5047;Fondo PIP;BCC VITA S.P.A.;MODUS. PIANO INDIVIDUALE PENSIONISTICO DI TIPO ASSICURATIVO - FONDO PENSIONE;BCC VITA EQUITY EUROPA PIP;(1);AZN;6,44;4,82;4,07;3,44;Ramo III;3,91;4,82;9,95;;2,22;
5047;Fondo PIP;BCC VITA S.P.A.;MODUS. PIANO INDIVIDUALE PENSIONISTICO DI TIPO ASSICURATIVO - FONDO PENSIONE;BCC VITA GARANTITA PIP;(1) (2);GAR;4,80;3,15;2,39;1,75;Ramo I;0,82;0,84;0,86;(3);1,15;
5047;Fondo PIP;BCC VITA S.P.A.;MODUS. PIANO INDIVIDUALE PENSIONISTICO DI TIPO ASSICURATIVO - FONDO PENSIONE;BCC VITA WORLD GLOBAL BOND PIP;(1);OBB;5,02;3,37;2,61;1,97;Ramo III;-4,76;-1,98;1,45;;-1,01;
5049;Fondo PIP;GAMALIFE COMPANHIA DE SUGUROS DE VIDA, SA;FUTURO PENSIONE PIANO INDIVIDUALE PENSIONISTICO DI TIPO ASSICURATIVO - FONDO PENSIONE;FONDO VIP;(1) (2);GAR;3,56;2,17;1,53;1,00;Ramo I;2,30;2,34;2,27;(3);2,59;
5050;Fondo PIP;UNIPOLSAI ASSICURAZIONI S.P.A.;UNIPOL FUTURO PRESENTE - PIANO INDIVIDUALE PENSIONISTICO DI TIPO ASSICURATIVO - FONDO PENSIONE;PREVIATTIVA UNIPOLSAI;(1) (2);GAR;4,83;2,91;2,17;1,61;Ramo I;1,25;1,38;1,31;(3);1,74;
5051;Fondo PIP;INTESA SANPAOLO VITA S.P.A.;AVIVA VITA - PRO FUTURO - PIANO INDIVIDUALE PENSIONISTICO DI TIPO ASSICURATIVO - FONDO PENSIONE;AVIVA-UBI;(1) (2);GAR;2,60;1,71;1,37;1,10;Ramo I;1,70;1,84;1,79;(3);2,01;
5051;Fondo PIP;INTESA SANPAOLO VITA S.P.A.;AVIVA VITA - PRO FUTURO - PIANO INDIVIDUALE PENSIONISTICO DI TIPO ASSICURATIVO - FONDO PENSIONE;AVIVA-UBI 1;(1);OBB;2,99;2,10;1,76;1,49;Ramo III;-5,72;-2,46;3,27;;-1,06;
5051;Fondo PIP;INTESA SANPAOLO VITA S.P.A.;AVIVA VITA - PRO FUTURO - PIANO INDIVIDUALE PENSIONISTICO DI TIPO ASSICURATIVO - FONDO PENSIONE;AVIVA-UBI 2;(1);OBB;3,19;2,30;1,96;1,69;Ramo III;-6,30;-2,66;5,75;;-1,24;
5051;Fondo PIP;INTESA SANPAOLO VITA S.P.A.;AVIVA VITA - PRO FUTURO - PIANO INDIVIDUALE PENSIONISTICO DI TIPO ASSICURATIVO - FONDO PENSIONE;AVIVA-UBI 3;(1);BIL;3,39;2,50;2,16;1,89;Ramo III;-1,86;1,22;7,24;;1,38;
5051;Fondo PIP;INTESA SANPAOLO VITA S.P.A.;AVIVA VITA - PRO FUTURO - PIANO INDIVIDUALE PENSIONISTICO DI TIPO ASSICURATIVO - FONDO PENSIONE;AVIVA-UBI 4;(1);AZN;3,48;2,60;2,26;1,99;Ramo III;2,05;4,76;10,05;;3,52;
5052;Fondo PIP;SOCIETA' REALE MUTUA DI ASSICURAZIONI;CENTO STELLE REALE - PIANO INDIVIDUALE PENSIONISTICO DI TIPO ASSICURATIVO - FONDO PENSIONE;REALE LINEA EQUILIBRIO;;BIL;3,07;2,28;2,00;1,79;Ramo III;0,83;2,69;9,66;;1,67;1,72
5052;Fondo PIP;SOCIETA' REALE MUTUA DI ASSICURAZIONI;CENTO STELLE REALE - PIANO INDIVIDUALE PENSIONISTICO DI TIPO ASSICURATIVO - FONDO PENSIONE;REALE LINEA FUTURO;;AZN;3,56;2,78;2,50;2,29;Ramo III;4,05;4,96;12,08;;2,45;1,88
5052;Fondo PIP;SOCIETA' REALE MUTUA DI ASSICURAZIONI;CENTO STELLE REALE - PIANO INDIVIDUALE PENSIONISTICO DI TIPO ASSICURATIVO - FONDO PENSIONE;REALE LINEA PRUDENTE;(5);OBB;1,73;0,93;0,64;0,43;Ramo III;-4,64;-1,15;5,67;;0,81;1,89
5053;Fondo PIP;COMPAGNIA ITALIANA DI PREVIDENZA, ASSICURAZIONI E RIASSICURAZIONI S.P.A.;FEELGOOD - PIANO INDIVIDUALE PENSIONISTICO DI TIPO ASSICURATIVO - FONDO PENSIONE;ITALIANA LINEA EQUILIBRIO;;BIL;2,75;2,05;1,79;1,59;Ramo III;0,79;2,60;9,52;;1,61;1,70
5053;Fondo PIP;COMPAGNIA ITALIANA DI PREVIDENZA, ASSICURAZIONI E RIASSICURAZIONI S.P.A.;FEELGOOD - PIANO INDIVIDUALE PENSIONISTICO DI TIPO ASSICURATIVO - FONDO PENSIONE;ITALIANA LINEA FUTURO;;AZN;3,19;2,49;2,23;2,03;Ramo III;3,92;4,76;11,74;;2,35;1,78
5053;Fondo PIP;COMPAGNIA ITALIANA DI PREVIDENZA, ASSICURAZIONI E RIASSICURAZIONI S.P.A.;FEELGOOD - PIANO INDIVIDUALE PENSIONISTICO DI TIPO ASSICURATIVO - FONDO PENSIONE;ITALIANA LINEA PRUDENTE;(5);OBB;1,56;0,85;0,58;0,38;Ramo III;-4,65;-1,22;5,69;;0,76;1,77
5055;Fondo PIP;CNP UNICREDIT VITA S.P.A.;SENIORVITA VALORE FUTURO - PIANO INDIVIDUALE PENSIONISTICO DI TIPO ASSICURATIVO - FONDO PENSIONE;PROGETTO MEDIUM;(1);BIL;5,35;3,52;2,90;2,46;Ramo III;-1,26;1,30;6,14;;1,58;
5055;Fondo PIP;CNP UNICREDIT VITA S.P.A.;SENIORVITA VALORE FUTURO - PIANO INDIVIDUALE PENSIONISTICO DI TIPO ASSICURATIVO - FONDO PENSIONE;PROGETTO OPPORTUNITY;(1);AZN;5,64;3,82;3,20;2,76;Ramo III;2,96;5,97;10,77;;4,37;
5055;Fondo PIP;CNP UNICREDIT VITA S.P.A.;SENIORVITA VALORE FUTURO - PIANO INDIVIDUALE PENSIONISTICO DI TIPO ASSICURATIVO - FONDO PENSIONE;PROGETTO SMART;(1);OBB;5,10;3,27;2,65;2,21;Ramo III;-2,68;-0,16;4,85;;0,53;
5055;Fondo PIP;CNP UNICREDIT VITA S.P.A.;SENIORVITA VALORE FUTURO - PIANO INDIVIDUALE PENSIONISTICO DI TIPO ASSICURATIVO - FONDO PENSIONE;PROGETTO SPRINT;(1);AZN;5,45;3,62;3,00;2,56;Ramo III;0,02;2,81;7,72;;2,14;
5055;Fondo PIP;CNP UNICREDIT VITA S.P.A.;SENIORVITA VALORE FUTURO - PIANO INDIVIDUALE PENSIONISTICO DI TIPO ASSICURATIVO - FONDO PENSIONE;SENIORVITA PREVIDENZIALE;(1) (2);GAR;4,27;2,42;1,80;1,35;Ramo I;0,49;0,55;0,46;(3);0,85;
5056;Fondo PIP;INTESA SANPAOLO VITA S.P.A.;PIANO INDIVIDUALE PENSIONISTICO DI TIPO ASSICURATIVO - FONDO PENSIONE PREVINEXT;PREVINEXT BALANCED;(1) (2);BIL;2,73;2,25;2,03;1,85;Ramo III;-1,07;1,74;3,71;;2,73;
5056;Fondo PIP;INTESA SANPAOLO VITA S.P.A.;PIANO INDIVIDUALE PENSIONISTICO DI TIPO ASSICURATIVO - FONDO PENSIONE PREVINEXT;PREVINEXT DYNAMIC;(1);AZN;2,82;2,34;2,12;1,94;Ramo III;1,80;4,43;7,05;;4,38;
5056;Fondo PIP;INTESA SANPAOLO VITA S.P.A.;PIANO INDIVIDUALE PENSIONISTICO DI TIPO ASSICURATIVO - FONDO PENSIONE PREVINEXT;PREVINEXT FUTURO SICURO;(1);GAR;2,23;1,74;1,52;1,34;Ramo I;0,99;1,06;1,16;(3);1,34;
5057;Fondo PIP;INTESA SANPAOLO VITA S.P.A.;PIANO INDIVIDUALE PENSIONISTICO DI TIPO ASSICURATIVO - FONDO PENSIONE PREVINEXT PLATINUM;PREVINEXT BALANCED;(1);BIL;3,01;2,39;2,11;1,87;Ramo III;-1,07;1,74;3,71;;2,73;
5057;Fondo PIP;INTESA SANPAOLO VITA S.P.A.;PIANO INDIVIDUALE PENSIONISTICO DI TIPO ASSICURATIVO - FONDO PENSIONE PREVINEXT PLATINUM;PREVINEXT DYNAMIC;(1);AZN;3,10;2,48;2,20;1,96;Ramo III;1,80;4,43;7,05;;4,38;
5057;Fondo PIP;INTESA SANPAOLO VITA S.P.A.;PIANO INDIVIDUALE PENSIONISTICO DI TIPO ASSICURATIVO - FONDO PENSIONE PREVINEXT PLATINUM;PREVINEXT FUTURO SICURO;(2)(1);GAR;2,50;1,88;1,60;1,36;Ramo I;0,99;1,06;1,16;(3);1,34;
5059;Fondo PIP;GENERALI ITALIA S.P.A.;PIANO INDIVIDUALE PENSIONISTICO DI TIPO ASSICURATIVO  - FONDO PENSIONE GUARDO AVANTI NEW;CATTOLICA PREVIDENZA AZIONARIO;(1) (3);AZN;3,04;2,38;2,09;1,84;Ramo III;6,20;9,41;12,78;;7,87;
5059;Fondo PIP;GENERALI ITALIA S.P.A.;PIANO INDIVIDUALE PENSIONISTICO DI TIPO ASSICURATIVO  - FONDO PENSIONE GUARDO AVANTI NEW;CATTOLICA PREVIDENZA BILANCIATO;(1) (3);BIL;2,84;2,18;1,89;1,64;Ramo III;-0,57;2,09;4,22;;3,17;
5059;Fondo PIP;GENERALI ITALIA S.P.A.;PIANO INDIVIDUALE PENSIONISTICO DI TIPO ASSICURATIVO  - FONDO PENSIONE GUARDO AVANTI NEW;CATTOLICA PREVIDENZA SICURO;(1) (2);GAR;2,62;1,96;1,66;1,42;Ramo I;1,37;1,52;1,27;(3);1,91;
5060;Fondo PIP;GENERALI ITALIA S.P.A.;PIANO INDIVIDUALE PENSIONISTICO DI TIPO ASSICURATIVO - FONDO PENSIONE - PUNTALTO;CATTOLICA PREVIDENZA AZIONARIO;(1) (3);AZN;3,31;2,52;2,16;1,86;Ramo III;6,20;9,41;12,78;;7,87;
5060;Fondo PIP;GENERALI ITALIA S.P.A.;PIANO INDIVIDUALE PENSIONISTICO DI TIPO ASSICURATIVO - FONDO PENSIONE - PUNTALTO;CATTOLICA PREVIDENZA BILANCIATO;(1) (3);BIL;3,11;2,32;1,96;1,66;Ramo III;-0,57;2,09;4,22;;3,17;
5060;Fondo PIP;GENERALI ITALIA S.P.A.;PIANO INDIVIDUALE PENSIONISTICO DI TIPO ASSICURATIVO - FONDO PENSIONE - PUNTALTO;CATTOLICA PREVIDENZA SICURO;(1) (2);GAR;2,90;2,10;1,74;1,44;Ramo I;1,37;1,52;1,27;(3);1,91;
5064;Fondo PIP;GENERALI ITALIA S.P.A.;CATTOLICA PREVIDENZA PROGETTO PENSIONE BIS - PIANO INDIVIDUALE PENSIONISTICO DI TIPO ASSICURATIVO - FONDO PENSIONE;EV STRATEGIA INTERNAZIONALE;(1);AZN;2,31;1,67;1,56;1,52;Ramo III;7,35;9,87;13,76;;8,42;
5064;Fondo PIP;GENERALI ITALIA S.P.A.;CATTOLICA PREVIDENZA PROGETTO PENSIONE BIS - PIANO INDIVIDUALE PENSIONISTICO DI TIPO ASSICURATIVO - FONDO PENSIONE;GESTIONE PREVIDENZA;(1) (2);GAR;2,31;1,67;1,56;1,52;Ramo I;1,30;1,38;1,52;(3);1,47;
5066;Fondo PIP;CRONOS VITA ASSICURAZIONI S.P.A.;NG - NUOVA GENERAZIONE - PIANO INDIVIDUALE PENSIONISTICO DI TIPO ASSICURATIVO - FONDO PENSIONE;NUOVO PPB;(1) (2);GAR;3,20;2,05;1,55;1,15;Ramo I;1,78;1,97;1,06;(3);2,20;
5068;Fondo PIP;COMPAGNIA ITALIANA DI PREVIDENZA, ASSICURAZIONI E RIASSICURAZIONI S.P.A.;DOMANI SICURO PLUS - PIANO INDIVIDUALE PENSIONISTICO DI TIPO ASSICURATIVO - FONDO PENSIONE;PREFIN FUTURO;(2) (4);GAR;4,60;2,95;2,18;1,53;Ramo I;1,29;1,36;1,13;(3);1,61;
5068;Fondo PIP;COMPAGNIA ITALIANA DI PREVIDENZA, ASSICURAZIONI E RIASSICURAZIONI S.P.A.;DOMANI SICURO PLUS - PIANO INDIVIDUALE PENSIONISTICO DI TIPO ASSICURATIVO - FONDO PENSIONE;PREVIDENZA FUTURO AGGRESSIVA;;AZN;5,26;3,62;2,86;2,21;Ramo III;5,13;6,70;10,72;;5,02;
5069;Fondo PIP;AXA ASSICURAZIONI S.P.A.;AXA PROGETTO PENSIONE PIU' - PIANO INDIVIDUALE PENSIONISTICO DI TIPO ASSICURATIVO - FONDO PENSIONE;AXA PREVIDENZA ASSOLUTO;(1);BIL;4,12;2,55;1,98;1,55;Ramo III;-2,19;-0,56;4,59;;-0,10;
5069;Fondo PIP;AXA ASSICURAZIONI S.P.A.;AXA PROGETTO PENSIONE PIU' - PIANO INDIVIDUALE PENSIONISTICO DI TIPO ASSICURATIVO - FONDO PENSIONE;AXA PREVIDENZA EUROPA;(1);AZN;4,12;2,55;1,98;1,55;Ramo III;6,32;6,84;10,84;;4,30;
5069;Fondo PIP;AXA ASSICURAZIONI S.P.A.;AXA PROGETTO PENSIONE PIU' - PIANO INDIVIDUALE PENSIONISTICO DI TIPO ASSICURATIVO - FONDO PENSIONE;AXA PREVIDENZA INTERNAZIONALE;(1);AZN;4,12;2,55;1,98;1,55;Ramo III;8,05;9,96;14,33;;8,04;
5069;Fondo PIP;AXA ASSICURAZIONI S.P.A.;AXA PROGETTO PENSIONE PIU' - PIANO INDIVIDUALE PENSIONISTICO DI TIPO ASSICURATIVO - FONDO PENSIONE;GESTIRIV PREVIDENZA;(1) (2) (4);GAR;4,12;2,55;1,98;1,55;Ramo I;0,96;1,25;0,56;(3);1,63;
5072;;SARA VITA S.P.A.;SARA MULTISTRATEGY PIP - PIANO INDIVIDUALE PENSIONISTICO DI TIPO ASSICURATIVO - FONDO PENSIONE;FUTURO&PREVIDENZA;(1);GAR;;;;;Ramo I;0,87;0,88;0,85;(3);0,87;
5072;Fondo PIP;SARA VITA S.P.A.;SARA MULTISTRATEGY PIP - PIANO INDIVIDUALE PENSIONISTICO DI TIPO ASSICURATIVO - FONDO PENSIONE;"FUTURO&amp;PREVIDENZA";(1) (2);GAR;4,57;3,13;2,58;2,16;;;;;;;
5072;Fondo PIP;SARA VITA S.P.A.;SARA MULTISTRATEGY PIP - PIANO INDIVIDUALE PENSIONISTICO DI TIPO ASSICURATIVO - FONDO PENSIONE;SARA PREVIFUTURO  - COMPARTO AZIONARIO INTERNAZIONALE;(1) (3);AZN;4,79;3,28;2,70;2,25;Ramo III;8,01;10,05;14,97;;7,25;
5072;Fondo PIP;SARA VITA S.P.A.;SARA MULTISTRATEGY PIP - PIANO INDIVIDUALE PENSIONISTICO DI TIPO ASSICURATIVO - FONDO PENSIONE;SARA PREVIFUTURO  - COMPARTO OBBLIGAZIONARIO EUROPEO;(1);OBB;4,79;3,28;2,70;2,25;Ramo III;-6,14;-2,48;5,92;;-0,67;
5073;Fondo PIP;SOCIETA' REALE MUTUA DI ASSICURAZIONI;CENTO STELLE TAXPLAN - PIANO INDIVIDUALE PENSIONISTICO DI TIPO ASSICURATIVO - FONDO PENSIONE;PREVIDENZA REALE;(2);GAR;4,61;3,06;2,35;1,75;Ramo I;1,03;1,14;0,91;(3);1,65;
5074;Fondo PIP;COMPAGNIA ITALIANA DI PREVIDENZA, ASSICURAZIONI E RIASSICURAZIONI S.P.A.;PLANNER - PIANO INDIVIDUALE PENSIONISTICO DI TIPO ASSICURATIVO - FONDO PENSIONE;ITALIANA LINEA PREVIDENZA;(2);GAR;4,61;3,06;2,35;1,75;Ramo I;1,18;1,24;1,03;(3);1,73;
5075;Fondo PIP;VERA VITA S.P.A.;VERA VITA PREVIDENZA - PIANO INDIVIDUALE PENSIONISTICO DI TIPO ASSICURATIVO - FONDO PENSIONE;POPOLARE VITA PREVIDENZA;(1) (2) (4);GAR;3,88;2,48;1,99;1,63;Ramo I;0,65;0,79;0,55;(3);1,15;
5075;Fondo PIP;VERA VITA S.P.A.;VERA VITA PREVIDENZA - PIANO INDIVIDUALE PENSIONISTICO DI TIPO ASSICURATIVO - FONDO PENSIONE;POPOLARE VITA VALUE;(1);AZN;4,18;2,78;2,29;1,93;Ramo III;4,49;4,29;10,27;;3,82;
5077;Fondo PIP;GENERTELLIFE S.P.A.;PENSIONLINE - PIANO INDIVIDUALE PENSIONISTICO DI TIPO ASSICURATIVO - FONDO PENSIONE;LVA AZIONARIO PREVIDENZA;;AZN;1,04;1,04;1,04;1,04;Ramo III;7,06;7,37;12,66;;4,78;4,27
5077;Fondo PIP;GENERTELLIFE S.P.A.;PENSIONLINE - PIANO INDIVIDUALE PENSIONISTICO DI TIPO ASSICURATIVO - FONDO PENSIONE;PREVIDENZA CONCRETA;(2);GAR;1,40;1,40;1,40;1,40;Ramo I;1,71;1,71;1,76;(3);2,05;
5077;Fondo PIP;GENERTELLIFE S.P.A.;PENSIONLINE - PIANO INDIVIDUALE PENSIONISTICO DI TIPO ASSICURATIVO - FONDO PENSIONE;RIALTO PREVIDENZA;(2) (5);GAR;1,40;1,40;1,40;1,40;Ramo I;1,02;1,17;1,05;(3);1,65;2,29
5079;Fondo PIP;HELVETIA VITA - COMPAGNIA ITALO SVIZZERA DI ASSICURAZIONI S.P.A.;HELVETIA AEQUA PIANO INDIVIDUALE PENSIONISTICO DI TIPO ASSICURATIVO - FONDO PENSIO;HELVETIA MULTIMANAGER EQUITY;;AZN;1,87;1,87;1,87;1,87;Ramo III;2,96;7,04;9,34;;5,00;
5079;Fondo PIP;HELVETIA VITA - COMPAGNIA ITALO SVIZZERA DI ASSICURAZIONI S.P.A.;HELVETIA AEQUA PIANO INDIVIDUALE PENSIONISTICO DI TIPO ASSICURATIVO - FONDO PENSIO;HELVETIA MULTIMANAGER FLESSIBILE;;BIL;1,56;1,56;1,56;1,56;Ramo III;-0,80;1,53;5,30;;1,29;
5079;Fondo PIP;HELVETIA VITA - COMPAGNIA ITALO SVIZZERA DI ASSICURAZIONI S.P.A.;HELVETIA AEQUA PIANO INDIVIDUALE PENSIONISTICO DI TIPO ASSICURATIVO - FONDO PENSIO;HV PREVIREND;(2) (4);GAR;1,20;1,20;1,20;1,20;Ramo I;0,93;1,01;0,94;(3);1,35;
5080;Fondo PIP;GENERALI ITALIA S.P.A.;CATTOLICAPREVIDENZAPERLAPENSIONE - PIANO INDIVIDUALE PENSIONISTICO DI TIPO ASSICURATIVO - FONDO PENSIONE;EV STRATEGIA INTERNAZIONALE;(1);AZN;4,38;2,70;2,11;1,67;Ramo III;7,35;9,87;13,76;;8,42;
5080;Fondo PIP;GENERALI ITALIA S.P.A.;CATTOLICAPREVIDENZAPERLAPENSIONE - PIANO INDIVIDUALE PENSIONISTICO DI TIPO ASSICURATIVO - FONDO PENSIONE;GESTIONE PREVIDENZA;(1) (2);GAR;4,38;2,70;2,11;1,67;Ramo I;1,30;1,38;1,52;(3);1,47;
5081;Fondo PIP;VITTORIA ASSICURAZIONI S.P.A.;PIANO INDIVIDUALE PENSIONISTICO VITTORIA - PIANO INDIVIDUALE PENSIONISTICO DI TIPO ASSICURATIVO - FONDO PENSIONE;FONDO VITTORIA PREVIDENZA;(2) (4);GAR;3,76;2,33;1,78;1,35;Ramo I;1,47;1,63;1,47;(3);1,86;
5082;Fondo PIP;CRONOS VITA ASSICURAZIONI S.P.A.;EUROVITA FUTURO - PIANO INDIVIDUALE PENSIONISTICO DI TIPO ASSICURATIVO - FONDO PENSIONE;FUTURIV;(1) (2) (3);GAR;3,32;1,67;1,37;1,26;Ramo I;0,87;0,89;0,77;(3);1,20;
5083;Fondo PIP;INTESA SANPAOLO VITA S.P.A.;IL MIO FUTURO - PIANO INDIVIDUALE PENSIONISTICO DI TIPO ASSICURATIVO - FONDO PENSIONE;EV PREVI;(2) (4);GAR;3,43;2,21;1,80;1,50;Ramo I;1,24;1,17;1,44;(3);1,30;
5083;Fondo PIP;INTESA SANPAOLO VITA S.P.A.;IL MIO FUTURO - PIANO INDIVIDUALE PENSIONISTICO DI TIPO ASSICURATIVO - FONDO PENSIONE;LUNGO TERMINE;(3);BIL;3,74;2,52;2,12;1,81;Ramo III;-0,69;2,42;4,35;;1,71;
5083;Fondo PIP;INTESA SANPAOLO VITA S.P.A.;IL MIO FUTURO - PIANO INDIVIDUALE PENSIONISTICO DI TIPO ASSICURATIVO - FONDO PENSIONE;MEDIO TERMINE;(3);BIL;3,44;2,22;1,81;1,51;Ramo III;-1,40;1,19;3,77;;0,55;
5084;Fondo PIP;INTESA SANPAOLO VITA S.P.A.;BAPCRESCENDOPREVIDENTE - PIANO INDIVIDUALE PENSIONISTICO DI TIPO ASSICURATIVO - FONDO PENSIONE;BAP GESTIONE PREVIDENZA;(1) (2);GAR;2,80;1,94;1,74;1,63;Ramo I;1,48;1,42;1,31;(3);1,71;
5085;Fondo PIP;CNP UNICREDIT VITA S.P.A.;UNICREDIT PENSIONE PIP CNP - PIANO INDIVIDUALE PENSIONISTICO DI TIPO ASSICURATIVO - FONDO PENSIONE;CNP PREVIDENZA EQUITY;;AZN;3,95;3,10;2,71;2,38;Ramo III;4,96;7,31;11,94;;5,33;
5085;Fondo PIP;CNP UNICREDIT VITA S.P.A.;UNICREDIT PENSIONE PIP CNP - PIANO INDIVIDUALE PENSIONISTICO DI TIPO ASSICURATIVO - FONDO PENSIONE;SENIORVITA PREVIDENZIALE;(2);GAR;2,96;2,10;1,70;1,38;Ramo I;0,45;0,50;0,42;(3);0,80;
5086;Fondo PIP;UNICREDIT ALLIANZ VITA S.P.A.;UNICREDIT PREVIDENZA PIP CRV - PIANO INDIVIDUALE PENSIONISTICO DI TIPO ASSICURATIVO - FONDO PENSIONE;CREDITRAS PREVI;(2);GAR;2,96;2,10;1,70;1,38;Ramo I;0,84;0,72;0,64;(3);0,79;
5086;Fondo PIP;UNICREDIT ALLIANZ VITA S.P.A.;UNICREDIT PREVIDENZA PIP CRV - PIANO INDIVIDUALE PENSIONISTICO DI TIPO ASSICURATIVO - FONDO PENSIONE;CREDITRAS PREVIDENZA EQUITY;;AZN;3,95;3,10;2,71;2,38;Ramo III;4,58;6,98;11,50;;5,23;
5087;Fondo PIP;CNP VITA ASSICURA S.P.A.;UNICREDIT FUTURO PIP CNP - PIANO INDIVIDUALE PENSIONISTICO DI TIPO ASSICURATIVO - FONDO PENSIONE;CNP ASSICURAZIONE PREVIDENZA EQUITY;(1);AZN;3,95;3,10;2,71;2,38;Ramo III;3,68;10,20;11,36;;6,83;
5087;Fondo PIP;CNP VITA ASSICURA S.P.A.;UNICREDIT FUTURO PIP CNP - PIANO INDIVIDUALE PENSIONISTICO DI TIPO ASSICURATIVO - FONDO PENSIONE;GEPI;(1) (2);GAR;2,96;2,10;1,70;1,38;Ramo I;1,12;1,36;0,88;(3);1,65;
5088;Fondo PIP;VERA VITA S.P.A.;VERA VITA PENSIONE SICURA - PIANO INDIVIDUALE PENSIONISTICO DI TIPO ASSICURATIVO - FONDO PENSIONE;POPOLARE VITA BILANCIATO GLOBAL;;BIL;4,77;3,38;2,89;2,53;Ramo III;0,29;2,70;8,25;;2,67;
5088;Fondo PIP;VERA VITA S.P.A.;VERA VITA PENSIONE SICURA - PIANO INDIVIDUALE PENSIONISTICO DI TIPO ASSICURATIVO - FONDO PENSIONE;POPOLARE VITA PREVIDENZA;(2) (4);GAR;3,93;2,53;2,04;1,68;Ramo I;0,61;0,75;0,50;(3);1,11;
5088;Fondo PIP;VERA VITA S.P.A.;VERA VITA PENSIONE SICURA - PIANO INDIVIDUALE PENSIONISTICO DI TIPO ASSICURATIVO - FONDO PENSIONE;POPOLARE VITA PRUDENTE;;OBB;4,03;2,63;2,14;1,78;Ramo III;-2,64;-0,19;4,48;;;
5088;Fondo PIP;VERA VITA S.P.A.;VERA VITA PENSIONE SICURA - PIANO INDIVIDUALE PENSIONISTICO DI TIPO ASSICURATIVO - FONDO PENSIONE;POPOLARE VITA VALUE;;AZN;4,18;2,78;2,29;1,93;Ramo III;4,49;4,29;10,27;;3,82;
5090;Fondo PIP;CARDIF VITA S.P.A.;BNL PIANOPENSIONE - PIANO INDIVIDUALE PENSIONISTICO DI TIPO ASSICURATIVO - FONDO PENSIONE;VALORPLUS;;AZN;3,82;2,23;1,81;1,55;Ramo III;4,38;6,86;13,40;;;
5090;Fondo PIP;CARDIF VITA S.P.A.;BNL PIANOPENSIONE - PIANO INDIVIDUALE PENSIONISTICO DI TIPO ASSICURATIVO - FONDO PENSIONE;VALORPREVI;(2);GAR;3,72;2,13;1,70;1,52;Ramo I;0,63;0,64;0,72;(3);;
5091;Fondo PIP;AXA ASSICURAZIONI S.P.A.;MIA PENSIONE - PIANO INDIVIDUALE PENSIONISTICO DI TIPO ASSICURATIVO - FONDO PENSIONE;GESTIRIV PREVIDENZA;(2) (4);GAR;4,57;2,82;2,17;1,68;Ramo I;0,37;0,51;0,37;(3);1,08;
5091;Fondo PIP;AXA ASSICURAZIONI S.P.A.;MIA PENSIONE - PIANO INDIVIDUALE PENSIONISTICO DI TIPO ASSICURATIVO - FONDO PENSIONE;PREVIDENZA EURO SMALL CAP;;AZN;5,26;3,52;2,88;2,38;Ramo III;1,69;5,45;8,39;;;
5091;Fondo PIP;AXA ASSICURAZIONI S.P.A.;MIA PENSIONE - PIANO INDIVIDUALE PENSIONISTICO DI TIPO ASSICURATIVO - FONDO PENSIONE;PREVIDENZA MEGATREND;;AZN;5,26;3,52;2,88;2,38;Ramo III;7,00;6,79;-0,63;;3,40;
5092;;;LIBERO DOMANI - PIANO INDIVIDUALE PENSIONISTICO DI TIPO ASSICURATIVO - FONDO PENSIONE;FUTURO&PREVIDENZA;;GAR;;;;;Ramo I;1,41;1,42;1,40;(3);1,41;
5092;Fondo PIP;SARA VITA S.P.A.;LIBERO DOMANI - PIANO INDIVIDUALE PENSIONISTICO DI TIPO ASSICURATIVO - FONDO PENSIONE;"FUTURO&amp;PREVIDENZA";(2);GAR;4,07;2,50;1,93;1,50;;;;;;;
5092;Fondo PIP;SARA VITA S.P.A.;LIBERO DOMANI - PIANO INDIVIDUALE PENSIONISTICO DI TIPO ASSICURATIVO - FONDO PENSIONE;SARA PREVIFUTURO  - COMPARTO AZIONARIO INTERNAZIONALE;(3);AZN;4,79;3,28;2,70;2,25;Ramo III;7,97;10,03;14,97;;7,24;
5092;Fondo PIP;SARA VITA S.P.A.;LIBERO DOMANI - PIANO INDIVIDUALE PENSIONISTICO DI TIPO ASSICURATIVO - FONDO PENSIONE;SARA PREVIFUTURO  - COMPARTO OBBLIGAZIONARIO EUROPEO;;OBB;4,79;3,28;2,70;2,25;Ramo III;-6,31;-2,47;5,92;;-0,67;
5093;Fondo PIP;CRÉDIT AGRICOLE VITA S.P.A.;CRÉDIT AGRICOLE VITA PROGETTO PREVIDENZA - PIANO INDIVIDUALE PENSIONISTICO DI TIPO ASSICURATIVO - FONDO PENSIONE;CRÉDIT AGRICOLE VITA PREVIDENZA;(2);GAR;2,68;1,73;1,45;1,26;Ramo I;1,11;1,27;1,05;(3);1,71;
5093;Fondo PIP;CRÉDIT AGRICOLE VITA S.P.A.;CRÉDIT AGRICOLE VITA PROGETTO PREVIDENZA - PIANO INDIVIDUALE PENSIONISTICO DI TIPO ASSICURATIVO - FONDO PENSIONE;PROGETTO PREVIDENZA 2025;(5);BIL;3,58;2,63;2,35;2,16;Ramo III;-0,44;1,90;3,36;;;
5093;Fondo PIP;CRÉDIT AGRICOLE VITA S.P.A.;CRÉDIT AGRICOLE VITA PROGETTO PREVIDENZA - PIANO INDIVIDUALE PENSIONISTICO DI TIPO ASSICURATIVO - FONDO PENSIONE;PROGETTO PREVIDENZA 2030;(5);BIL;3,58;2,63;2,35;2,16;Ramo III;-4,07;-0,42;9,71;;;
5093;Fondo PIP;CRÉDIT AGRICOLE VITA S.P.A.;CRÉDIT AGRICOLE VITA PROGETTO PREVIDENZA - PIANO INDIVIDUALE PENSIONISTICO DI TIPO ASSICURATIVO - FONDO PENSIONE;PROGETTO PREVIDENZA 2035;;BIL;3,58;2,63;2,35;2,16;Ramo III;-3,33;-0,50;8,05;;0,93;
5093;Fondo PIP;CRÉDIT AGRICOLE VITA S.P.A.;CRÉDIT AGRICOLE VITA PROGETTO PREVIDENZA - PIANO INDIVIDUALE PENSIONISTICO DI TIPO ASSICURATIVO - FONDO PENSIONE;PROGETTO PREVIDENZA 2040;;BIL;3,58;2,63;2,35;2,16;Ramo III;-1,54;1,21;9,09;;1,82;
5093;Fondo PIP;CRÉDIT AGRICOLE VITA S.P.A.;CRÉDIT AGRICOLE VITA PROGETTO PREVIDENZA - PIANO INDIVIDUALE PENSIONISTICO DI TIPO ASSICURATIVO - FONDO PENSIONE;PROGETTO PREVIDENZA 2045;;BIL;3,58;2,63;2,35;2,16;Ramo III;-1,13;1,66;9,13;;1,96;
5094;Fondo PIP;ALLIANZ S.P.A.;ORIZZONTE PREVIDENZA - PIANO INDIVIDUALE PENSIONISTICO DI TIPO ASSICURATIVO - FONDO PENSIONE;AZIONARIO GLOBALE;;AZN;3,16;2,63;2,53;2,50;Ramo III;;;10,30;;;
5094;Fondo PIP;ALLIANZ S.P.A.;ORIZZONTE PREVIDENZA - PIANO INDIVIDUALE PENSIONISTICO DI TIPO ASSICURATIVO - FONDO PENSIONE;BILANCIATO;;BIL;2,96;2,43;2,33;2,30;Ramo III;;;7,37;;;
5094;Fondo PIP;ALLIANZ S.P.A.;ORIZZONTE PREVIDENZA - PIANO INDIVIDUALE PENSIONISTICO DI TIPO ASSICURATIVO - FONDO PENSIONE;FORMULA ATTIVA;;BIL;3,16;2,63;2,53;2,50;Ramo III;1,68;2,82;8,70;;2,25;
5094;Fondo PIP;ALLIANZ S.P.A.;ORIZZONTE PREVIDENZA - PIANO INDIVIDUALE PENSIONISTICO DI TIPO ASSICURATIVO - FONDO PENSIONE;FORMULA EQUILIBRATA;;BIL;2,96;2,43;2,33;2,30;Ramo III;0,49;1,53;7,45;;1,37;
5094;Fondo PIP;ALLIANZ S.P.A.;ORIZZONTE PREVIDENZA - PIANO INDIVIDUALE PENSIONISTICO DI TIPO ASSICURATIVO - FONDO PENSIONE;FORMULA MODERATA;;BIL;2,66;2,13;2,03;2,00;Ramo III;-0,96;0,45;5,37;;0,34;
5094;Fondo PIP;ALLIANZ S.P.A.;ORIZZONTE PREVIDENZA - PIANO INDIVIDUALE PENSIONISTICO DI TIPO ASSICURATIVO - FONDO PENSIONE;FORMULA SERENA;;BIL;2,16;1,62;1,53;1,50;Ramo III;;;3,52;;;
5094;Fondo PIP;ALLIANZ S.P.A.;ORIZZONTE PREVIDENZA - PIANO INDIVIDUALE PENSIONISTICO DI TIPO ASSICURATIVO - FONDO PENSIONE;FORMULA SICURA;(2);GAR;2,16;1,62;1,53;1,50;Ramo I;0,48;0,60;0,57;(3);0,97;
5094;Fondo PIP;ALLIANZ S.P.A.;ORIZZONTE PREVIDENZA - PIANO INDIVIDUALE PENSIONISTICO DI TIPO ASSICURATIVO - FONDO PENSIONE;OBBLIGAZIONARIO;;OBB;2,46;1,93;1,83;1,80;Ramo III;;;2,92;;;
5096;;;EUROVITA PENSIONE DOMANI - PIANO INDIVIDUALE PENSIONISTICO DI TIPO ASSICURATIVO - FONDO PENSIONE;CRONOS VITA AZIONE PIU';;AZN;;;;;Ramo III;-2,63;1,61;10,78;;;
5096;Fondo PIP;CRONOS VITA ASSICURAZIONI S.P.A.;EUROVITA PENSIONE DOMANI - PIANO INDIVIDUALE PENSIONISTICO DI TIPO ASSICURATIVO - FONDO PENSIONE;EUROVITA AZIONE PIU';(1);AZN;5,07;3,59;2,94;2,41;;;;;;;
5096;Fondo PIP;CRONOS VITA ASSICURAZIONI S.P.A.;EUROVITA PENSIONE DOMANI - PIANO INDIVIDUALE PENSIONISTICO DI TIPO ASSICURATIVO - FONDO PENSIONE;NUOVO PPB;(1)(2);GAR;4,24;2,76;2,10;1,56;Ramo I;1,32;1,57;0,76;(3);1,85;
5097;Fondo PIP;CNP VITA ASSICURA S.P.A.;CNP VALORE INTEGRATIVO - PIANO INDIVIDUALE PENSIONISTICO DI TIPO ASSICURATIVO - FONDO PENSIONE;CNP ASSICURAZIONE PREVIDENZA EQUITY;(1);AZN;5,33;3,64;2,96;2,41;Ramo III;3,68;6,72;11,36;;5,13;
5097;Fondo PIP;CNP VITA ASSICURA S.P.A.;CNP VALORE INTEGRATIVO - PIANO INDIVIDUALE PENSIONISTICO DI TIPO ASSICURATIVO - FONDO PENSIONE;CNP PIP AZIONARIO;(1);AZN;5,14;3,45;2,76;2,21;Ramo III;6,20;7,47;11,04;;3,55;
5097;Fondo PIP;CNP VITA ASSICURA S.P.A.;CNP VALORE INTEGRATIVO - PIANO INDIVIDUALE PENSIONISTICO DI TIPO ASSICURATIVO - FONDO PENSIONE;CNP PIP BILANCIATO;(1);BIL;4,99;3,30;2,61;2,06;Ramo III;-1,17;1,13;2,86;;1,12;
5097;Fondo PIP;CNP VITA ASSICURA S.P.A.;CNP VALORE INTEGRATIVO - PIANO INDIVIDUALE PENSIONISTICO DI TIPO ASSICURATIVO - FONDO PENSIONE;CNP PIP FLESSIBILE;(1);BIL;4,84;3,15;2,46;1,91;Ramo III;-2,16;-1,26;5,31;;-0,96;
5097;Fondo PIP;CNP VITA ASSICURA S.P.A.;CNP VALORE INTEGRATIVO - PIANO INDIVIDUALE PENSIONISTICO DI TIPO ASSICURATIVO - FONDO PENSIONE;CNP PIP OBBLIGAZIONARIO;(1);OBB;4,65;2,95;2,25;1,71;Ramo III;-4,60;-1,58;4,28;;-0,39;
5097;Fondo PIP;CNP VITA ASSICURA S.P.A.;CNP VALORE INTEGRATIVO - PIANO INDIVIDUALE PENSIONISTICO DI TIPO ASSICURATIVO - FONDO PENSIONE;GEPI;(1) (2);GAR;4,35;2,65;1,95;1,40;Ramo I;1,16;1,40;0,93;(3);1,69;
5098;Fondo PIP;CREDEMVITA S.PA.;CREDEMVITA FUTURA;AZIONARIO;;AZN;3,86;2,85;2,48;2,20;Ramo III;5,47;6,21;12,23;;;
5098;Fondo PIP;CREDEMVITA S.PA.;CREDEMVITA FUTURA;BILANCIATO;;BIL;3,71;2,70;2,33;2,05;Ramo III;1,04;3,09;8,96;;;
5098;Fondo PIP;CREDEMVITA S.PA.;CREDEMVITA FUTURA;FLESSIBILE;;BIL;3,56;2,55;2,18;1,90;Ramo III;-1,37;0,13;3,71;;;
5098;Fondo PIP;CREDEMVITA S.PA.;CREDEMVITA FUTURA;OBBLIGAZIONARIO;;OBB;3,36;2,35;1,98;1,70;Ramo III;-2,49;0,57;6,46;;;
5099;Fondo PIP;UNIPOLSAI ASSICURAZIONI S.P.A.;UNIPOLSAI PREVIDENZA FUTURA - PIANO INDIVIDUALE PENSIONISTICO DI TIPO ASSICURATIVO - FONDO PENSIONE;PREVIATTIVA UNIPOLSAI;(2);GAR;4,25;2,87;2,23;1,71;Ramo I;1,17;1,29;1,22;(3);;
5099;Fondo PIP;UNIPOLSAI ASSICURAZIONI S.P.A.;UNIPOLSAI PREVIDENZA FUTURA - PIANO INDIVIDUALE PENSIONISTICO DI TIPO ASSICURATIVO - FONDO PENSIONE;PREVIGLOBALE;;AZN;4,54;3,17;2,54;2,01;Ramo III;5,69;7,71;11,66;;;
5101;Fondo PIP;ALLIANZ GLOBAL LIFE DAC;PIANO PENSIONE MONEYFARM - PIANO INDIVIDUALE PENSIONISTICO DI TIPO ASSICURATIVO - FONDO PENSIONE;MFM LINEA AZIONARIA;;BIL;1,62;1,48;1,42;1,37;Ramo III;1,26;;9,60;;;
5101;Fondo PIP;ALLIANZ GLOBAL LIFE DAC;PIANO PENSIONE MONEYFARM - PIANO INDIVIDUALE PENSIONISTICO DI TIPO ASSICURATIVO - FONDO PENSIONE;MFM LINEA BILANCIATA;;BIL;1,62;1,48;1,42;1,37;Ramo III;-0,27;;6,95;;;
5101;Fondo PIP;ALLIANZ GLOBAL LIFE DAC;PIANO PENSIONE MONEYFARM - PIANO INDIVIDUALE PENSIONISTICO DI TIPO ASSICURATIVO - FONDO PENSIONE;MFM LINEA FUTURO;;BIL;1,62;1,48;1,42;1,37;Ramo III;0,47;;9,10;;;
5101;Fondo PIP;ALLIANZ GLOBAL LIFE DAC;PIANO PENSIONE MONEYFARM - PIANO INDIVIDUALE PENSIONISTICO DI TIPO ASSICURATIVO - FONDO PENSIONE;MFM LINEA MODERATA;;BIL;1,62;1,48;1,42;1,37;Ramo III;-1,76;;5,08;;;
5101;Fondo PIP;ALLIANZ GLOBAL LIFE DAC;PIANO PENSIONE MONEYFARM - PIANO INDIVIDUALE PENSIONISTICO DI TIPO ASSICURATIVO - FONDO PENSIONE;MFM LINEA ORIZZONTE;;BIL;1,62;1,48;1,42;1,37;Ramo III;0,16;;8,12;;;
5101;Fondo PIP;ALLIANZ GLOBAL LIFE DAC;PIANO PENSIONE MONEYFARM - PIANO INDIVIDUALE PENSIONISTICO DI TIPO ASSICURATIVO - FONDO PENSIONE;MFM LINEA PRUDENTE;;BIL;1,62;1,48;1,42;1,37;Ramo III;-1,92;;5,14;;;
5102;Fondo PIP;GENERALI ITALIA S.P.A.;GENERAZIONE PREVIDENTE - PIANO INDIVIDUALE PENSIONISTICO DI TIPO ASSICURATIVO - FONDO PENSIONE;A.G. EUROPEAN EQUITY;(5);AZN;6,00;4,08;3,18;2,43;Ramo III;4,24;3,92;9,27;;1,87;
5102;Fondo PIP;GENERALI ITALIA S.P.A.;GENERAZIONE PREVIDENTE - PIANO INDIVIDUALE PENSIONISTICO DI TIPO ASSICURATIVO - FONDO PENSIONE;GENERALI AZIONE SOSTENIBILE;;AZN;5,85;3,92;3,03;2,27;Ramo III;-1,40;;8,49;;;
5102;Fondo PIP;GENERALI ITALIA S.P.A.;GENERAZIONE PREVIDENTE - PIANO INDIVIDUALE PENSIONISTICO DI TIPO ASSICURATIVO - FONDO PENSIONE;GENERALI OBIETTIVO PROTEZIONE;;BIL;5,40;3,46;2,55;1,80;Ramo III;-1,55;;2,55;;;
5102;Fondo PIP;GENERALI ITALIA S.P.A.;GENERAZIONE PREVIDENTE - PIANO INDIVIDUALE PENSIONISTICO DI TIPO ASSICURATIVO - FONDO PENSIONE;GENERALI SCELTA SOSTENIBILE;;BIL;5,60;3,66;2,76;2,01;Ramo III;-1,41;;6,47;;;
5102;Fondo PIP;GENERALI ITALIA S.P.A.;GENERAZIONE PREVIDENTE - PIANO INDIVIDUALE PENSIONISTICO DI TIPO ASSICURATIVO - FONDO PENSIONE;GESAV GLOBAL;;GAR;5,20;3,25;2,35;1,59;Ramo I;1,25;1,37;1,17;(3);1,76;
5102;Fondo PIP;GENERALI ITALIA S.P.A.;GENERAZIONE PREVIDENTE - PIANO INDIVIDUALE PENSIONISTICO DI TIPO ASSICURATIVO - FONDO PENSIONE;GLOBAL MULTI ASSET;;BIL;4,95;2,99;2,08;1,33;Ramo III;;;4,34;;;
5103;Fondo PIP;ATHORA ITALIA S.P.A.;ATHORA FUTURO PREVIDENZA - PIANO INDIVIDUALE PENSIONISTICO DI TIPO ASSICURATIVO - FONDO PENSIONE;ATHORA FUTURO AZIONARIO;;AZN;4,21;3,03;2,58;2,23;Ramo III;;;;;;
5103;Fondo PIP;ATHORA ITALIA S.P.A.;ATHORA FUTURO PREVIDENZA - PIANO INDIVIDUALE PENSIONISTICO DI TIPO ASSICURATIVO - FONDO PENSIONE;ATHORA FUTURO FLESSIBILE;;BIL;3,91;2,73;2,28;1,93;Ramo III;;;;;;
5103;Fondo PIP;ATHORA ITALIA S.P.A.;ATHORA FUTURO PREVIDENZA - PIANO INDIVIDUALE PENSIONISTICO DI TIPO ASSICURATIVO - FONDO PENSIONE;ATHORA ITALIA - LINEA VALORE;(2);GAR;3,41;2,22;1,76;1,42;Ramo I;;;;(3);;
5104;Fondo PIP;NOBIS VITA S.P.A.;PENSIONE FUTURA - PIANO INDIVIDUALE PENSIONISTICO DI TIPO ASSICURATIVO - FONDO PENSIONE;PENSIONE FUTURA           LINEA DINAMICA;;AZN;4,69;3,13;2,56;2,13;;;;;;;
5104;Fondo PIP;NOBIS VITA S.P.A.;PENSIONE FUTURA - PIANO INDIVIDUALE PENSIONISTICO DI TIPO ASSICURATIVO - FONDO PENSIONE;PENSIONE FUTURA          LINEA GARANTITA;(2);GAR;4,02;2,45;1,88;1,45;;;;;;;
5104;;;PENSIONE FUTURA - PIANO INDIVIDUALE PENSIONISTICO DI TIPO ASSICURATIVO - FONDO PENSIONE;PENSIONE FUTURA LINEA DINAMICA;;AZN;;;;;Ramo III;;;;;;
5104;;NOBIS VITA S.P.A.;PENSIONE FUTURA - PIANO INDIVIDUALE PENSIONISTICO DI TIPO ASSICURATIVO - FONDO PENSIONE;PENSIONE FUTURA LINEA GARANTITA;(2);GAR;;;;;Ramo I;;;;(3);;
53;Fondo aperto;"BCC RISPARMIO &amp; PREVIDENZA SOCIETA' DI GESTIONE DEL RISPARMIO DEL CREDITO COOPERATIVO SPA";FONDO PENSIONE APERTO AUREO;AZIONARIO ESG;;AZN;2,17;1,77;1,65;1,57;;4,50;6,64;11,90;;4,82;4,23
53;Fondo aperto;"BCC RISPARMIO &amp; PREVIDENZA SOCIETA' DI GESTIONE DEL RISPARMIO DEL CREDITO COOPERATIVO SPA";FONDO PENSIONE APERTO AUREO;BILANCIATO ESG;;BIL;1,87;1,47;1,35;1,27;;0,90;3,15;8,12;;2,65;2,99
53;Fondo aperto;"BCC RISPARMIO &amp; PREVIDENZA SOCIETA' DI GESTIONE DEL RISPARMIO DEL CREDITO COOPERATIVO SPA";FONDO PENSIONE APERTO AUREO;GARANTITO  ESG;(3);GAR;1,17;0,77;0,65;0,57;;0,26;-0,02;2,23;(4);-0,15;
53;Fondo aperto;"BCC RISPARMIO &amp; PREVIDENZA SOCIETA' DI GESTIONE DEL RISPARMIO DEL CREDITO COOPERATIVO SPA";FONDO PENSIONE APERTO AUREO;OBBLIGAZIONARIO ESG;;OBB;1,57;1,17;1,05;0,97;;-3,04;-0,97;3,16;;-0,13;0,79
53;Fondo aperto;"BCC RISPARMIO &amp; PREVIDENZA SOCIETA' DI GESTIONE DEL RISPARMIO DEL CREDITO COOPERATIVO SPA";FONDO PENSIONE APERTO AUREO;PRUDENTE  ESG;;OBB;1,17;0,77;0,65;0,57;;;;2,73;;;
57;Fondo aperto;CREDIT AGRICOLE VITA SPA;FONDO PENSIONE APERTO CREDIT AGRICOLE VITA;LINEA DINAMICA;;AZN;2,66;1,85;1,63;1,50;;4,03;6,64;9,80;(5);5,65;4,95
57;Fondo aperto;CREDIT AGRICOLE VITA SPA;FONDO PENSIONE APERTO CREDIT AGRICOLE VITA;LINEA GARANTITA;(3);GAR;2,40;1,59;1,37;1,24;;-1,15;0,87;5,45;(4) (5);1,09;1,86
57;Fondo aperto;CREDIT AGRICOLE VITA SPA;FONDO PENSIONE APERTO CREDIT AGRICOLE VITA;LINEA MODERATA;;BIL;2,45;1,64;1,42;1,29;;-0,18;3,77;8,63;(5);4,02;3,79
6;Fondo aperto;ALLEANZA ASSICURAZIONI SPA;ALMEGLIO FONDO PENSIONE APERTO ALLEANZA A CONTRIBUZIONE DEFINITA;AZIONARIO;(6);AZN;4,73;3,20;2,58;2,10;;2,42;4,71;11,81;;3,40;3,68
6;Fondo aperto;ALLEANZA ASSICURAZIONI SPA;ALMEGLIO FONDO PENSIONE APERTO ALLEANZA A CONTRIBUZIONE DEFINITA;BILANCIATO;(3) (6);GAR;4,38;2,84;2,22;1,74;;-1,08;1,32;6,66;(4);1,48;2,59
6;Fondo aperto;ALLEANZA ASSICURAZIONI SPA;ALMEGLIO FONDO PENSIONE APERTO ALLEANZA A CONTRIBUZIONE DEFINITA;OBBLIGAZIONARIO;(3) (6);GAR;4,02;2,48;1,86;1,38;;-4,82;-1,76;1,53;(4);-0,18;0,77
61;Fondo negoziale;;FONDO PENSIONE COMETA;CRESCITA;;BIL;0,75;0,32;0,19;0,11;;0,70;2,68;10,67;;2,60;
61;Fondo negoziale;;FONDO PENSIONE COMETA;MONETARIO PLUS;;OBB;0,70;0,27;0,14;0,06;;-0,13;0,10;2,90;;0,13;
61;Fondo negoziale;;FONDO PENSIONE COMETA;REDDITO;;BIL;0,73;0,30;0,17;0,09;;-0,46;1,36;6,05;;1,87;2,75
61;Fondo negoziale;;FONDO PENSIONE COMETA;SICUREZZA 2020;(4);GAR;1,31;0,87;0,75;0,67;;-1,92;;5,90;;;
61;Fondo negoziale;;FONDO PENSIONE COMETA;TFR SILENTE;(3);GAR;1,39;0,96;0,83;0,76;;-3,22;;5,75;;;
63;Fondo aperto;ANIMA SGR SPA;ARTI E MESTIERI FONDO PENSIONE APERTO;CONSERVAZIONE 3+;;OBB;1,99;1,21;1,03;0,93;;-2,57;-1,05;2,46;(5);0,78;1,21
63;Fondo aperto;ANIMA SGR SPA;ARTI E MESTIERI FONDO PENSIONE APERTO;CRESCITA 25+;;AZN;2,68;1,91;1,73;1,63;;4,44;6,81;11,62;(5);5,79;4,96
63;Fondo aperto;ANIMA SGR SPA;ARTI E MESTIERI FONDO PENSIONE APERTO;EQUILIBRIO 5+;;BIL;2,19;1,41;1,23;1,13;;-1,75;0,37;5,74;(5);1,50;
63;Fondo aperto;ANIMA SGR SPA;ARTI E MESTIERI FONDO PENSIONE APERTO;GARANZIA 1+;(3);GAR;1,69;0,91;0,73;0,63;;0,16;-0,07;2,25;(4) (5);-0,20;0,56
63;Fondo aperto;ANIMA SGR SPA;ARTI E MESTIERI FONDO PENSIONE APERTO;INCREMENTO E GARANZIA 5+;(3) (5);GAR;1,79;1,01;0,83;0,73;;0,55;1,15;5,82;(4) (5);1,52;
63;Fondo aperto;ANIMA SGR SPA;ARTI E MESTIERI FONDO PENSIONE APERTO;RIVALUTAZIONE 10+;;BIL;2,49;1,71;1,53;1,43;;-0,25;2,48;7,38;(5);3,22;3,51
65;Fondo aperto;AMUNDI SGR SPA;SECONDAPENSIONE FONDO PENSIONE APERTO;BILANCIATA ESG;;BIL;1,09;0,88;0,78;0,71;;-1,00;2,64;5,46;;2,86;3,33
65;Fondo aperto;AMUNDI SGR SPA;SECONDAPENSIONE FONDO PENSIONE APERTO;ESPANSIONE ESG;;AZN;1,24;1,03;0,94;0,86;;4,37;7,04;7,92;;5,51;4,81
65;Fondo aperto;AMUNDI SGR SPA;SECONDAPENSIONE FONDO PENSIONE APERTO;GARANTITA ESG;(3);GAR;1,14;0,93;0,84;0,76;;-0,63;0,21;3,82;(4);0,78;
65;Fondo aperto;AMUNDI SGR SPA;SECONDAPENSIONE FONDO PENSIONE APERTO;PRUDENTE ESG;;OBB;1,03;0,83;0,73;0,65;;-0,78;0,97;4,60;;1,12;1,67
65;Fondo aperto;AMUNDI SGR SPA;SECONDAPENSIONE FONDO PENSIONE APERTO;SVILUPPO ESG;;BIL;1,14;0,93;0,84;0,76;;0,86;4,32;6,28;;4,16;3,96
7;Fondo aperto;FIDEURAM VITA SPA;FONDO PENSIONE FIDEURAM - FONDO PENSIONE APERTO;CRESCITA;;AZN;3,90;2,54;2,22;2,05;;2,51;5,50;11,52;;4,09;3,59
7;Fondo aperto;FIDEURAM VITA SPA;FONDO PENSIONE FIDEURAM - FONDO PENSIONE APERTO;EQUILIBRIO;;BIL;3,41;2,04;1,72;1,55;;-1,52;1,51;6,65;;2,03;2,72
7;Fondo aperto;FIDEURAM VITA SPA;FONDO PENSIONE FIDEURAM - FONDO PENSIONE APERTO;GARANZIA;(3);GAR;2,91;1,54;1,22;1,05;;-0,55;-0,66;1,22;(4);-0,67;0,37
7;Fondo aperto;FIDEURAM VITA SPA;FONDO PENSIONE FIDEURAM - FONDO PENSIONE APERTO;MILLENIALS;;AZN;3,70;2,34;2,02;1,85;;1,13;;25,62;;;
7;Fondo aperto;FIDEURAM VITA SPA;FONDO PENSIONE FIDEURAM - FONDO PENSIONE APERTO;SICUREZZA;(2);OBB;3,21;1,84;1,52;1,35;;-4,07;-1,07;3,77;;0,56;1,74
7;Fondo aperto;FIDEURAM VITA SPA;FONDO PENSIONE FIDEURAM - FONDO PENSIONE APERTO;VALORE;;AZN;3,90;2,54;2,22;2,05;;0,64;3,68;9,22;;3,14;3,24
70;Fondo aperto;INTESA SANPAOLO VITA SPA;FONDO PENSIONE APERTO GIUSTINIANO;AZIONARIA;;AZN;2,33;1,72;1,54;1,42;;3,61;6,97;12,76;;5,60;4,83
70;Fondo aperto;INTESA SANPAOLO VITA SPA;FONDO PENSIONE APERTO GIUSTINIANO;BILANCIATA;;BIL;2,03;1,42;1,24;1,12;;0,35;3,82;10,06;;3,79;3,76
70;Fondo aperto;INTESA SANPAOLO VITA SPA;FONDO PENSIONE APERTO GIUSTINIANO;MONETARIA;;OBB;1,55;0,94;0,76;0,64;;-0,83;-0,44;2,53;;-0,18;1,02
70;Fondo aperto;INTESA SANPAOLO VITA SPA;FONDO PENSIONE APERTO GIUSTINIANO;OBBLIGAZIONARIA;;OBB;1,64;1,03;0,85;0,73;;-5,01;-1,18;5,60;;0,68;
70;Fondo aperto;INTESA SANPAOLO VITA SPA;FONDO PENSIONE APERTO GIUSTINIANO;TFR+;(3);GAR;1,64;1,03;0,85;0,73;;-0,16;0,45;4,74;(4);0,16;1,49
77;Fondo negoziale;;FONDOSANITA';ESPANSIONE;(2);AZN;2,98;1,30;0,76;0,39;;2,82;5,87;9,25;;5,43;4,52
77;Fondo negoziale;;FONDOSANITA';PROGRESSIONE;(2);BIL;2,96;1,27;0,74;0,37;;2,74;3,65;6,61;;2,78;3,07
77;Fondo negoziale;;FONDOSANITA';SCUDO;(2);OBB;2,94;1,25;0,72;0,35;;-0,67;0,11;4,35;;0,45;1,44
78;;;PROGRAMMA OPEN FONDO PENSIONE APERTO;BILANCIATO;;BIL;;;;;;-0,46;2,08;8,59;(5);2,63;2,54
78;Fondo aperto;GROUPAMA ASSICURAZIONI SPA;PROGRAMMA OPEN FONDO PENSIONE APERTO;BILANCIATO ETICO;;BIL;3,46;1,96;1,58;1,36;;;;;;;
78;Fondo aperto;GROUPAMA ASSICURAZIONI SPA;PROGRAMMA OPEN FONDO PENSIONE APERTO;NUOVO OBBLIGAZIONARIO ETICO;(3);GAR;3,26;1,76;1,38;1,16;;;;;;;
78;;GROUPAMA ASSICURAZIONI SPA;PROGRAMMA OPEN FONDO PENSIONE APERTO;OBBLIGAZIONARIO;;GAR;;;;;;-3,59;-0,83;4,79;(4) (5);0,39;1,23
78;Fondo aperto;GROUPAMA ASSICURAZIONI SPA;PROGRAMMA OPEN FONDO PENSIONE APERTO;PREVALENTEMENTE AZIONARIO ETICO;;AZN;3,66;2,17;1,78;1,56;;2,52;4,38;10,74;(5);3,90;3,47
78;;;PROGRAMMA OPEN FONDO PENSIONE APERTO;TUTELA;;GAR;;;;;;-2,67;-0,16;7,53;(4) (5);0,80;
8;Fondo aperto;GENERALI ITALIA SPA;GENERALI GLOBAL - FONDO PENSIONE APERTO A CONTRIBUZIONE DEFINITA;AZIONARIO GLOBALE;;AZN;3,06;2,02;1,76;1,60;;5,59;6,26;13,21;(5);4,35;4,02
8;Fondo aperto;GENERALI ITALIA SPA;GENERALI GLOBAL - FONDO PENSIONE APERTO A CONTRIBUZIONE DEFINITA;MULTIASSET;;BIL;2,85;1,81;1,55;1,40;;0,34;0,68;5,14;(5);1,57;2,68
8;Fondo aperto;GENERALI ITALIA SPA;GENERALI GLOBAL - FONDO PENSIONE APERTO A CONTRIBUZIONE DEFINITA;OBBLIGAZIONARIO;;OBB;2,44;1,40;1,13;0,98;;-3,28;-0,21;5,30;(5);;
8;Fondo aperto;GENERALI ITALIA SPA;GENERALI GLOBAL - FONDO PENSIONE APERTO A CONTRIBUZIONE DEFINITA;OBBLIGAZIONARIO BREVE TERMINE;;OBB;2,39;1,34;1,08;0,93;;-1,29;;3,62;(5);;
8;Fondo aperto;GENERALI ITALIA SPA;GENERALI GLOBAL - FONDO PENSIONE APERTO A CONTRIBUZIONE DEFINITA;REAL RETURN;;OBB;2,49;1,45;1,18;1,03;;0,11;;4,92;(5);;
84;Fondo aperto;INTESA SANPAOLO VITA SPA;FONDO PENSIONE APERTO IL MIO DOMANI;LINEA BREVE TERMINE;(4);OBB;2,94;1,71;1,30;1,01;;-0,16;-0,09;2,25;(5);-0,19;
84;Fondo aperto;INTESA SANPAOLO VITA SPA;FONDO PENSIONE APERTO IL MIO DOMANI;LINEA BREVE TERMINE ESG;(4);OBB;2,94;1,71;1,30;1,01;;-1,78;;2,83;(5);;
84;Fondo aperto;INTESA SANPAOLO VITA SPA;FONDO PENSIONE APERTO IL MIO DOMANI;LINEA LUNGO TERMINE;(4);BIL;3,44;2,21;1,80;1,51;;3,05;4,40;11,86;(5);3,12;
84;Fondo aperto;INTESA SANPAOLO VITA SPA;FONDO PENSIONE APERTO IL MIO DOMANI;LINEA LUNGO TERMINE ESG;(4);AZN;3,44;2,21;1,80;1,51;;1,99;;10,27;(5);;
84;Fondo aperto;INTESA SANPAOLO VITA SPA;FONDO PENSIONE APERTO IL MIO DOMANI;LINEA MEDIO TERMINE;(4);BIL;3,24;2,01;1,60;1,31;;0,72;1,70;7,60;(5);1,26;
84;Fondo aperto;INTESA SANPAOLO VITA SPA;FONDO PENSIONE APERTO IL MIO DOMANI;LINEA MEDIO TERMINE ESG;(4);BIL;3,24;2,01;1,60;1,31;;0,28;;7,47;(5);;
84;Fondo aperto;INTESA SANPAOLO VITA SPA;FONDO PENSIONE APERTO IL MIO DOMANI;LINEA TFR;(3) (4);GAR;3,04;1,81;1,40;1,11;;-0,40;0,24;4,50;(4) (5);-0,17;
87;;;SOLIDARIETA' VENETO - FONDO PENSIONE;DINAMICO;;AZN;;;;;;2,23;5,52;10,43;;4,45;4,45
87;Fondo negoziale;;SOLIDARIETA' VENETO - FONDO PENSIONE;DINAMICO - Lavoratori autonomi;;AZN;1,46;0,74;0,49;0,30;;;;;;;
87;Fondo negoziale;;SOLIDARIETA' VENETO - FONDO PENSIONE;DINAMICO - Lavoratori dipendenti;;AZN;0,95;0,51;0,37;0,27;;;;;;;
87;;;SOLIDARIETA' VENETO - FONDO PENSIONE;GARANTITO;;GAR;;;;;;-2,58;-0,84;3,00;;0,57;
87;Fondo negoziale;;SOLIDARIETA' VENETO - FONDO PENSIONE;GARANTITO  - Lavoratori autonomi;(1);GAR;1,79;1,07;0,82;0,63;;;;;;;
87;Fondo negoziale;;SOLIDARIETA' VENETO - FONDO PENSIONE;GARANTITO  - Lavoratori dipendenti;(1);GAR;1,28;0,84;0,70;0,60;;;;;;;
87;;;SOLIDARIETA' VENETO - FONDO PENSIONE;PRUDENTE;;OBB MISTO;;;;;;0,65;1,91;6,14;;1,91;
87;Fondo negoziale;;SOLIDARIETA' VENETO - FONDO PENSIONE;PRUDENTE  - Lavoratori autonomi;(2);OBB;1,40;0,68;0,42;0,24;;;;;;;
87;Fondo negoziale;;SOLIDARIETA' VENETO - FONDO PENSIONE;PRUDENTE  - Lavoratori dipendenti;(2);OBB;0,88;0,44;0,30;0,21;;;;;;;
87;;;SOLIDARIETA' VENETO - FONDO PENSIONE;REDDITO;;BIL;;;;;;-0,20;1,96;6,47;;2,24;2,84
87;Fondo negoziale;;SOLIDARIETA' VENETO - FONDO PENSIONE;REDDITO  - Lavoratori dipendenti;(2);BIL;0,92;0,48;0,34;0,24;;;;;;;
87;Fondo negoziale;;SOLIDARIETA' VENETO - FONDO PENSIONE;REDDITO - Lavoratori autonomi;(2);BIL;1,43;0,71;0,46;0,28;;;;;;;
88;Fondo negoziale;;FONDO PENSIONE PREVIAMBIENTE;AZIONARIO;(2);AZN;1,50;0,87;0,66;0,52;;;;;;;
88;Fondo negoziale;;FONDO PENSIONE PREVIAMBIENTE;BILANCIATO;(2);OBB;1,30;0,67;0,46;0,31;;1,31;2,70;8,26;;2,99;3,40
88;Fondo negoziale;;FONDO PENSIONE PREVIAMBIENTE;GARANTITO;(1);GAR;2,07;1,45;1,24;1,09;;-1,43;-0,69;3,27;;-0,05;
89;Fondo negoziale;;FONDO PENSIONE ALIFOND;BILANCIATO;(2);BIL;0,87;0,53;0,38;0,25;;1,21;3,40;7,65;;3,35;3,27
89;Fondo negoziale;;FONDO PENSIONE ALIFOND;DINAMICO;(2);AZN;0,80;0,46;0,31;0,18;;3,66;5,58;11,77;;5,14;
89;Fondo negoziale;;FONDO PENSIONE ALIFOND;GARANTITO;(1);GAR;1,23;0,90;0,74;0,62;;-1,31;-0,68;3,56;;-0,04;
92;Fondo aperto;AZIMUT CAPITAL MANAGEMENT SGR SPA;AZIMUT PREVIDENZA - FONDO PENSIONE APERTO;CRESCITA;(4);AZN;3,49;2,43;2,13;1,93;;3,13;4,55;10,81;(5);2,09;2,62
92;Fondo aperto;AZIMUT CAPITAL MANAGEMENT SGR SPA;AZIMUT PREVIDENZA - FONDO PENSIONE APERTO;EQUILIBRATO;(4);BIL;3,18;2,12;1,82;1,62;;1,37;3,06;7,68;(5);2,32;2,30
92;Fondo aperto;AZIMUT CAPITAL MANAGEMENT SGR SPA;AZIMUT PREVIDENZA - FONDO PENSIONE APERTO;OBBLIGAZIONARIO;;OBB;2,66;1,60;1,30;1,10;;-0,74;1,24;4,46;(5);1,42;
93;Fondo negoziale;;FONDO PENSIONE LABORFONDS;LINEA BILANCIATA;;BIL;0,59;0,42;0,35;0,30;;-0,51;2,36;6,57;;3,06;3,64
93;Fondo negoziale;;FONDO PENSIONE LABORFONDS;LINEA DINAMICA;;AZN;0,53;0,36;0,29;0,23;;2,61;6,01;9,33;;4,60;
93;Fondo negoziale;;FONDO PENSIONE LABORFONDS;LINEA GARANTITA;(1);GAR;0,82;0,65;0,58;0,53;;0,78;0,87;4,01;;0,61;
93;Fondo negoziale;;FONDO PENSIONE LABORFONDS;LINEA PRUDENTE - ETICA;;OBB;0,46;0,29;0,22;0,17;;-0,87;1,61;7,47;;2,63;
99;Fondo negoziale;;FONDO PENSIONE FOPEN;BILANCIATO AZIONARIO;(2);AZN;0,87;0,60;0,49;0,40;;2,84;5,32;11,62;;4,17;4,11
99;Fondo negoziale;;FONDO PENSIONE FOPEN;BILANCIATO OBBLIGAZIONARIO;(2);OBB;0,81;0,54;0,43;0,34;;0,96;3,01;8,35;;2,78;3,57
99;Fondo negoziale;;FONDO PENSIONE FOPEN;OBBLIGAZIONARIO GARANTITO;(1) (2);GAR;1,06;0,79;0,68;0,59;;1,06;1,16;3,72;;0,81;
